영어회화를 건강하게! 영어공부 필수 비타민 #4 I'm here to~ 영어회화학원영어발음 영어책추천 - YouTube,1
영어공부 - YouTube,1
[생활영어회화] 10분의 기적 패턴으로 말하기 패턴영어 개 총정리! 영어회화독학 영어회화책 1~100 완결★ - YouTube,1
미국인들이 가장 많이 쓰는 실전 영어 표현 50개! (구슬쌤 영상 총정리 1탄!) - YouTube,1
" 영어회화 | 표현 | ""알다"" 의 9가지 유형 - YouTube",1
토익 - YouTube,1
토익 독학러 본격 구원 프로젝트★ 해커스 1위 토익만점강사 김진태 선생님과 문법 불태울 토익커 구합니다(172만/200만)  9월 26일 토익 시험 전 필수시청 - YouTube,1
"토익 초보라면 100% 궁금해할 질문 TOP 4 가감 없이 비틀어드립니다! 토익시험대비 진짜 토익공부법｜입문학토익 LC한나 1탄｜토익단어, 토익보카, 토익lc,8월 8일 토익 - YouTube",1
토익 600점 만들기 [토익 문법 기초 문제 풀이법 40분 완성 보장] - YouTube,1
[토린이 완벽 탈출 가이드] 토익 초보는 꼭 이 영상을 보세요! 600점 넘기기 필수 영상! - YouTube,1
"토익 RC 핵심 포인트 23개만으로 9월 26일 토익시험 +50점 상승! | 해커스 주대명 | 토익 접수, 토익시험, 토익900, 토익 점수, 토익기출문제, 종로 해커스, 토익책 - YouTube",1
국방오픈소스아카데미,1
파이썬 decode - Google 검색,1
osam - Google 검색,1
코딩공부 - YouTube,1
"코딩 배워서 앱, 웹 만들고 싶으신가요? 코딩 공부 순서 정리해드립니다. - YouTube",1
파이썬 무료 기초 강의 - 1강 파이썬이란 무엇인가? - YouTube,1
일반인이 생각하는 프로그래밍 vs 현실 프로그래밍 #Shorts - YouTube,1
일반인이 생각하는 프로그래밍 vs 현실 프로그래밍 2탄 - YouTube,1
현직 개발자가 추천하는 꼭 배워야 할 프로그래밍 언어! - YouTube,1
인문학강의 - YouTube,1
역사학 - YouTube,1
수학 - YouTube,1
사회 - YouTube,1
과학 - YouTube,1
coding - YouTube,1
science - YouTube,1
math - YouTube,1
Python에서 텍스트 안의 이모지(emoji)제거하기,1
[ 정규식 ] emoji 이모티콘 제거하기,1
AI_NoYoutube_60Duo/tab_text_dataset_3.py at main · osamhack2021/AI_NoYoutube_60Duo,1
롤토체스 - YouTube,1
【롤토체스 강의】이건 무조건 해야됩니다 말도안되는 순방률 점수를 날로먹는 4기원자 카르마덱 핵심공략 제대로알려드립니다(롤토체스 5.5 챌린저 1티어 구루루 초보자 강의) - YouTube,1
【롤토체스 강의】재미와 점수를 한번에 챙겨드립니다! 압도적인 골드 차이 5용족 빌드업 케일덱 핵심공략(롤토체스 5.5 챌린저 1티어 구루루 초보자 강의 기사 구원받은자 애쉬) - YouTube,1
롤챔스 - YouTube,1
담원기아 vs. T1 | 매치 하이라이트 | 08.28 | 2021 LCK 서머 스플릿 결승 - YouTube,0
DWG vs SN | Finals H/L 10.31 | 2020 월드 챔피언십 - YouTube,0
2021.9.23(목) [깝도이] 스타 빨무 팀플 - YouTube,0
"현메타에 가장 잘 어울리는 핵심 근본 원딜 ""애쉬 강의"" - YouTube",0
[오딘] 소통 ×100 무엇이든 물어보세요!!~~~ 60리세 중 그리고 1억 스킬 D-2! - YouTube,0
흑운장 HELL로 디아블로 : 레저렉션 오픈 !!! 바로 달립니다!!! - YouTube,0
넷플릭스 - YouTube,0
오징어 게임의 새벽이 정파티플래너로 데뷔한 이유는? 오겜 분위기 메이커 정호연 키워드 인터뷰 | 오징어 게임 | 넷플릭스 - YouTube,0
해외에서 더 충격받은 한국 넷플릭스 역대 최고 수위 1위 드라마 ㅎㄷㄷ.... - YouTube,0
새 탭,0
NAVER,0
네이버 : 로그인,0
코랩 - Google 검색,1
Google Colab,1
Colaboratory에 오신 것을 환영합니다 - Colaboratory,1
로그인 - Google 계정,0
Lotto.ipynb - Colaboratory,1
동행복권 - Google 검색,0
동행복권,1
로그인 < 회원서비스 | 동행복권,0
https://dhlottery.co.kr,0
구매하기 < 로또 6/45 < 복권정보 | 동행복권,0
네이버 MYBOX,0
gtptabs.com/tabs/54/a-star-is-born-zvezda-rodilas/shallow-lady-gaga-bradley-cooper-fingerstyle-guitar-cover-by-neil-wicker.html,0
"Shallow (Lady Gaga, Bradley Cooper) (Fingerstyle Guitar Cover by Neil Wicker) - A Star is Born (Zvezda Rodilas) - Guitar PRO tabs, free download gtp files archive, chords, notes",0
YouTube,0
YouTube Music,0
Facebook - 로그인 또는 가입,0
Facebook,0
"딱 7일만 더, 보름달처럼 풍요로운 추석 앵콜 이벤트  - 인프런 | 스토리",1
github - Google 검색,1
rnn 테스트 인식 - Google 검색,1
rnn 텍스트 분류 - Google 검색,1
11. RNN을 이용한 텍스트 분류(Text Classification) - 딥 러닝을 이용한 자연어 처리 입문,1
1) 케라스를 이용한 텍스트 분류 개요(Text Classification using Keras) - 딥 러닝을 이용한 자연어 처리 입문,1
2) 스팸 메일 분류하기(Spam Detection) - 딥 러닝을 이용한 자연어 처리 입문,1
롤토체스 - YouTube,0
【롤토체스 강의】이건 무조건 해야됩니다 말도안되는 순방률 점수를 날로먹는 4기원자 카르마덱 핵심공략 제대로알려드립니다(롤토체스 5.5 챌린저 1티어 구루루 초보자 강의) - YouTube,0
【롤토체스 강의】재미와 점수를 한번에 챙겨드립니다! 압도적인 골드 차이 5용족 빌드업 케일덱 핵심공략(롤토체스 5.5 챌린저 1티어 구루루 초보자 강의 기사 구원받은자 애쉬) - YouTube,0
롤챔스 - YouTube,0
동행복권,0
GitHub: Where the world builds software · GitHub,1
Join GitHub · GitHub,1
Sign in to GitHub · GitHub,1
GitHub,1
osamhack2021/AI_NoYoutube_60Duo,1
cp949_error_resolve · osamhack2021/AI_NoYoutube_60Duo@07cd6b4,1
AI_NoYoutube_60Duo/AI at main · osamhack2021/AI_NoYoutube_60Duo,1
File Finder,0
Python-PIP 설치 문제 해결-PermissionError : [WinError 5] 액세스가 거부되었습니다.,1
crawl - Google 검색,1
크롤링 - Google 검색,1
New File,0
AI_NoYoutube_60Duo/crawling at main · osamhack2021/AI_NoYoutube_60Duo,1
hidden - Google 검색,1
Google,1
새 탭,1
(21% - 0/1개 업로드 중),0
Upload files · osamhack2021/AI_NoYoutube_60Duo,1
Processing your files…,1
AI_NoYoutube_60Duo/test_1.py at main · osamhack2021/AI_NoYoutube_60Duo,1
AI_NoYoutube_60Duo/hello.py at main · osamhack2021/AI_NoYoutube_60Duo,1
AI_NoYoutube_60Duo/1.md at main · osamhack2021/AI_NoYoutube_60Duo,1
AI_NoYoutube_60Duo/tab_text_dataset.py at main · osamhack2021/AI_NoYoutube_60Duo,1
AI_NoYoutube_60Duo/tab_text_dataset_2.py at main · osamhack2021/AI_NoYoutube_60Duo,1
AI_NoYoutube_60Duo/test_22.py at main · osamhack2021/AI_NoYoutube_60Duo,1
ImportError: cannot import name 'set_array_function_like_doc' from 'numpy.core.overrides'. - Google 검색,1
Cannot import name 'multiarray' · Issue #9047 · numpy/numpy,1
multiarray' 이름을 가져올 수 없습니다. · 문제 #9047 · numpy/numpy,1
ERROR: Could not install packages due to an OSError: - Google 검색,1
파이썬설치오류) ERROR: Could not install packages due to an EnvironmentError: [WinError 5] 액세스가 거부 : 네이버 블로그,1
ERROR: Could not install packages due to an OSError: [WinError 5] 액세스가 거부되었습니다: 'C:\\Users\\w2123\\anaconda3\\Lib\\site-packages\\numpy\\.libs\\libopenblas.XWYDX2IKJW2NMTWSFYNGFUWKQU3LYTCZ.gfortran-win_amd64.dll' Consider using the `--user` option or check the permissions. - Google 검색,1
(WinError5) 권한 오류로 설치가 되지 않을때 : 네이버 블로그,1
[파이썬] WinError 5 액세스 거부 오류,1
"파이썬 에러, [WinError 5] 액세스가 거부되었습니다_해결 방법",1
아나콘다 ERROR: Could not install packages due to an OSError: [WinError 5] 액세스가 거부되었습니다: - Google 검색,1
Python / 윈도우에서 pip로 설치할 때 ‘액세스가 거부되었습니다.’ 해결하는 방법  CODING FACTORY,1
파이썬 PermissionError WinError 5 액세스가 거부되었습니다 - Google 검색,1
파이썬 PermissionError WinError 5 액세스가 거부되었습니다,1
파이썬 에러 : [WinError 5] 엑세스가 거부되었습니다. - 데이터 사이언스 사용 설명서,1
https://www.google.com/search?q=%27python%27은(는)+내부+또는+외부+명령%2C+실행할+수+있는+프로그램%2C+또는+배치+파일이+아닙니다.&rlz=1C1FKPE_koKR943KR943&oq=%27python%27은(는)+내부+또는+외부+명령%2C+실행할+수+있는+프로그램%2C+또는+배치+파일이+아닙니다.&aqs=chrome..69i57.374j0j1&sourceid=chrome&ie=UTF-8,1
"python'은(는) 내부 또는 외부 명령, 실행할 수 있는 프로그램, 또는 배치 파일이 아닙니다. - Google 검색",1
python 내부 또는 외부 명령 실행할 수 있는 프로그램 또는 배치 파일이 아닙니다 :: studyhard24,1
제목 없음,0
파이썬 설치 윈도우 환경변수 python install windows path :: studyhard24,1
python - Google 검색,1
Welcome to Python.org,1
Download Python | Python.org,1
ERROR: Could not find a version that satisfies the requirement numpy (from versions: none) ERROR: No matching distribution found for numpy] - Google 검색,1
ERROR: No matching distribution found for numpy - Google 검색,1
[Python] 텐서플로우를 위한 Python pip 설정,1
Python Pip install 문제 해결 - HTTPS!?,1
libopenblas.XWYDX2IKJW2NMTWSFYNGFUWKQU3LYTCZ.gfortran-win_amd64.dll' Consider using the `--user` option or check the permissions. - Google 검색,1
tensorflow - Could not install packages due to an EnvironmentError: [WinError 5] Access is denied: - Stack Overflow,1
tensorflow - EnvironmentError로 인해 패키지를 설치할 수 없습니다: [WinError 5] 액세스가 거부되었습니다: - CODE 해결 된 문제,1
스파이더 파이썬 버전변경 - Google 검색,1
[Tip!] Anaconda(아나콘다) 파이썬 버전 변경하기 :: Technical Support,1
Messenger | Facebook,1
텍스트 수정하면서 웹서버 보내기 - Google 검색,1
소켓을 이용한 텍스트 전송 - Google 검색,1
[C# 소켓 프로그래밍] 03. 문자열 데이터 전송하기 : 네이버 블로그,1
파이썬 소켓을 이용한 텍스트 전송 - Google 검색,1
파이썬 소켓 프로그래밍 - 1. 간단한 채팅 프로그램 구현(1),1
[Python] Socket과 TCPServer를 이용한 TCP/IP 프로그래밍 (작성중) :: 불곰,1
[Python] 파이썬 소켓 서버 프로그래밍,1
"[파이썬] 소켓 프로그래밍-파일 전송, 파일 수신",1
[ Python ] socket 연결 + 문자열 전송,1
 Python * socket 연결 + 문자열 전송,1
"Counting Stars(피처링: 크리시 코스탄자, Kurt Hugo Schneider(커트 휴고 슈나이더)) - YouTube Music",1
스타트줌,0
(12) YouTube,0
(12) [하나원큐 K리그1] R32 수원 vs 서울 하이라이트 | Suwon vs Seoul Highlights (21.09.26) - YouTube,0
(12) [하나원큐 K리그1] R32 대구 vs 수원FC 하이라이트 | Daegu vs Suwon FC Highlights (21.09.25) - YouTube,0
(12) '부상 메시 공백 없다' 8연승 질주 [리그1 HL 8R/ PSG vs 몽펠리에] - YouTube,0
(12) [분데스리가] 묀헨글라트바흐 VS 도르트문트 - H/LㅣBundesliga 2021-2022 6R - YouTube,0
(12) [21/22 PL] 6R 첼시 vs 맨시티 MVP 칸셀루 - YouTube,0
(12) 데이터 스테이션 - YouTube,0
(12) Pandas를 이용한 회사에서 나오는 엑셀 데이터 처리 (Stack / Melt) #Python #파이썬 - YouTube,1
(12) Pandas를 이용한 회사에서 나오는 엑셀 데이터 처리 (Apply 함수) #Python #파이썬 - YouTube,1
Google Chrome 고객센터,0
(12) Pandas를 이용한 회사에서 나오는 엑셀 데이터 처리 (Apply / Pivoting / Save) #Python #파이썬 - YouTube,1
Gmail,0
"받은편지함 (5,586) - hyunseunghong98@gmail.com - Gmail",0
"받은편지함 (5,587) - hyunseunghong98@gmail.com - Gmail",0
보낸편지함 - hyunseunghong98@gmail.com - Gmail,0
(12) [하나원큐 K리그1] R32 성남 vs 강원 하이라이트 | Seongnam vs Gangwon Highlights (21.09.26) - YouTube,0
"(12) 급락한 나이키 vs 페이스북, 뭐가 더 매력적일까요! - YouTube",0
fb stokc - Google 검색,0
"ABNB Airbnb, Inc. Stock Quote",0
"FB Facebook, Inc. Stock Quote",0
"NKE NIKE, Inc. Stock Quote",0
ADBE Adobe Inc. Stock Quote,0
naver - Google 검색,0
뮤직카우 - Google 검색,0
뉴토끼 - Google 검색,0
뮤직카우 - 세계 최초 저작권 거래 플랫폼,0
로그인 - 뮤직카우,0
카카오계정,0
마이뮤카 - 뮤직카우,0
내 보유곡 - 뮤직카우,0
STAY THE NIGHT (Feat. DeVita) / GRAY (그레이) - 뮤직카우,0
마켓 - 뮤직카우,0
MCPI - 뮤직카우,0
실현손익 - 뮤직카우,0
(2) YouTube,0
youtbe.com,0
Twitch,0
Twitch 로그인 인증번호(10656),0
invokejw - Twitch,0
디노키오 - Twitch,0
(292) YouTube,0
(292) 구독 - YouTube,0
(292) 여자친구는 카톡 말투만 보고 남친을 찾을 수 있을까? - YouTube,0
0.17%p 차 신승 거둔 이낙연…본선 직행 vs 결선 투표 | SBS 뉴스,0
"화제의 게임기 스팀 덱, 멀티부팅 허용-10개 동시 터치도 가능... eGPU 확장은 안돼 : 네이버 포스트",0
egpu - Google 검색,0
외장그래픽/eGPU : 다나와 가격비교,0
memeshe - Google 검색,0
"(292) 사귀고 처음하는 QnA, 그리고 결혼 이야기 - YouTube",0
(292) 탐색 - YouTube,0
(292) 레알 마드리드 놀라게 한 이강인…'골든볼' 잠재력 입증 #SPORTSTIME - YouTube,0
원조 괴짜' 닉 디아즈… 6년 8개월 만에 UFC 복귀 #SPORTSTIME - YouTube,0
(292) '원조 괴짜' 닉 디아즈… 6년 8개월 만에 UFC 복귀 #SPORTSTIME - YouTube,0
(292) psg - YouTube,0
(292) PSG극장 재개장! 2경기 연속 버저비터 작렬! [리그1 HL 7R/ FC메스 vs PSG] - YouTube,0
네이버 뉴스,0
스포츠홈 : 네이버 스포츠,0
스코어보드 : 네이버 스포츠,0
네이버 스포츠,0
많이 본 뉴스 : 네이버 스포츠,0
해외축구 : 네이버 스포츠,0
"기록/순위, 해외축구 : 네이버 스포츠",0
야구 : 네이버 스포츠,0
‘4안타→4안타→3안타→1안타→3안타→5안타’ 전준우의 미친 타격감 [오!쎈 고척],0
"""제구 OK"" 다카하시, 최고 152km+5K! 브룩스 빈자리 채웠다",0
"뉴스, 야구 : 네이버 스포츠",0
"일정/결과, 야구 : 네이버 스포츠",0
한화 9월 승률 - Google 검색,0
한화 이글스/2021년/9월 - 나무위키,0
김태연(1997) - 나무위키,0
(292) 뮤지컬티켓팅 - YouTube,0
(292) 뮤지컬 좌석 고르는 법 (뮤지컬 TMI) - YouTube,0
인터파크 - Google 검색,0
인터파크,0
티켓 랭킹- 인터파크,0
싸니까 믿으니까 - 인터파크 티켓,0
뮤지컬 지킬앤하이드 (Jekyll＆Hyde),0
뮤지컬 지킬앤하이드 (Jekyll＆Hyde) - 인터파크,0
인터파크 제휴할인 혜택,0
Toping - 인터파크,0
SK브로드밴드 설문조사 혜택,0
뮤지컬 전관 - Google 검색,0
뮤지컬 전관이 무슨 말이냐? - DogDrip.Net 개드립,0
아이디 비밀번호 찾기,0
카카오계정으로 간편가입,0
인터파크 회원가입,0
뮤지컬 - 인터파크,0
티몬 - Google 검색,0
"사는 재미의 발견, 티몬",0
"뮤지컬 : 사는 재미의 발견, 티몬",0
[오늘의컬쳐] 뮤지컬 지킬앤하이드 - 10/19 ~ 31회차 (좌석지정) - 티몬,0
영화처럼 생생한 무대 [시간을 파는 상점] - 티몬,0
[오늘의컬쳐] 뮤지컬 빌리 엘리어트 THE MUSICAL BILLY ELLIOT - 티몬,0
라이선스 - 티몬,0
[오늘의컬쳐] 뮤지컬 메리셸리 - 티몬,0
오리지널·내한공연 - 티몬,0
창작뮤지컬 - 티몬,0
[오늘의컬쳐] 뮤지컬 개와 고양이의 시간 - 대학로 - 티몬,0
창작뮤지컬 - 뮤지컬 - 인터파크,0
오리지널/내한 - 뮤지컬 - 인터파크,0
뮤지컬 빨래 - 이천,0
콘서트 - 인터파크,0
발라드 - 콘서트 - 인터파크,0
［ 2021 Theatre 이문세 ］- 고양,0
［ 2021 Theatre 이문세 ］- 고양 - 인터파크,0
야구 - 스포츠 - 인터파크,0
전시/행사 - 인터파크,0
전시 - 전시/행사 - 인터파크,0
트라우마：퓰리처상 사진전＆15분 - 대전,0
트라우마：퓰리처상 사진전＆15분 - 대전 - 인터파크,0
티켓- 인터파크,0
(292) 지킬앤하이드 - YouTube,0
(292) 대학로 공연 - YouTube,0
"(292) [] 버스킹 1세대 윤효상님이 화낸 이유? (대학로, 여의도, 감초, 버스커, 거리공연) - YouTube",0
(292) 대학로 뮤지컬 - YouTube,0
(292) [4K] 210920 웰컴대학로 뮤지컬 해적 스페셜 커튼콜 '해적의 황금시대' (김려원&김이후 교차편집 ver) - YouTube,0
(292) 시베리아 횡단열차 1등급 - YouTube,0
(292) 시베리아 횡단열차 '일등석 vs 3등석 비교분석'(가격/샤워시설/여행팁 총집합) - YouTube,0
루블 - Google 검색,0
(292) 시베리아 횡단열차 2등급 - YouTube,0
"(292) 시베리아 횡단열차 2등칸, 시베리아 선발대가 알려주지 않는 모습들 [2019 Russia] - YouTube",0
(292) 최고급 시베리아 횡단열차 2등석 후기 - 세계여행(9) - YouTube,0
네이버 만화,0
네이버 만화 > 요일별 웹툰 > 전체웹툰,0
망나니 소교주로 환생했다 :: 네이버 만화,0
contents.kocw.or.kr/KOCW/document/2014/gacheon/kimheeeun1/7.pdf,0
구강해부학 - 가천대학교 | KOCW 공개 강의,1
연세대학교 치과대학 예방치과학교실,1
https://search.naver.com/search.naver?where=nexearch&sm=top_hty&fbm=0&ie=utf8&query=늘어땡이,0
늘어땡이 : 네이버 통합검색,0
골패 - 나무위키,0
https://search.naver.com/search.naver?sm=tab_sug.top&where=nexearch&query=투전&oquery=늘어땡이&tqi=hR8Qysp0J1sssadhVLCssssstbG-340938&acq=투전&acr=4&qdt=0,0
투전 : 네이버 통합검색,0
투전,0
광마회귀 :: 네이버 만화,0
화산귀환 :: 네이버 만화,0
말년용사 :: 네이버 만화,0
일렉시드 :: 네이버 만화,0
고삼무쌍 :: 네이버 만화,0
사상최강 :: 네이버 만화,0
ㅜㅍㅁㄷㄱ.채ㅡ - Google 검색,0
디데이 계산기 : 네이버 통합검색,0
테크플러스 : 네이버 블로그,0
"완본체와 조립 PC의 장점만 담았다, HP 오.. : 네이버블로그",0
hp 오멘 30l - Google 검색,0
쿠팡! - hp오멘 30l,0
쿠팡!,0
쿠팡! | HP OMEN 30L 게이밍 데스크탑 GT13-0849KR (i7-10700KF),0
"레노버 리전 게이밍 PC, 데스크탑, 액세서리등 강력한 퍼포먼스와 세련된 외관으로 게임플레이에서 승리하세요 | Lenovo 코리아",0
게이밍 노트북 | 게이밍 노트북 추천 | Lenovo 코리아,0
Lenovo 데스크탑 컴퓨터들 | 데스크탑 PC 및 올인원 | Lenovo 코리아,0
hp - Google 검색,0
"가정용, 비즈니스용 및 게임용 HP 데스크탑 PC | HP코리아",0
OMEN 30L GT13-1000kr 게이밍 데스크탑 #티셔츠 증정 | HP코리아,0
ddr5 - Google 검색,0
"차세대 D램 'DDR5' 세대교체, 언제 일어날까 - Byline Network",0
"1년반뒤 DDR5가 상용화되고 난뒤 상황~! > CPU,MB,RAM | 쿨엔조이",0
그래픽카드 ddr6 - Google 검색,0
https://quasarzone.com/bbs/qf_cmr/views/402475,0
그래픽카드는 ddr6 인데 왜 데스크탑 메모리는 ddr4인가요? > CPU/메인보드/램 | 퀘이사존,0
DDR과 GDDR은 무엇이 다른가? : 네이버 블로그,0
황금밸런스 격투게임!? 어몽어스 아레나 : 네이버 포스트,0
https://search.naver.com/search.naver?where=nexearch&sm=top_hty&fbm=1&ie=utf8&query=그래픽카드,0
그래픽카드 : 네이버 통합검색,0
https://search.naver.com/search.naver?sm=tab_hty.top&where=nexearch&query=그래픽카드+40시리즈&oquery=그래픽카드&tqi=hSuu0sp0YiRssK1msr4ssssstw0-516691,0
그래픽카드 40시리즈 : 네이버 통합검색,0
그래픽카드 40시리즈는 언제 출시 되나요? : 지식iN,0
RTX 40 시리즈 출시 때 : 지식iN,0
(293) 러시아 여행 - YouTube,0
이루 : 네이버 통합검색,0
이루(가수) - 나무위키,0
(293) 일본 여행 - YouTube,0
(293) [4K]일본 시부야에 밤만되면 하나둘 모이는 이곳.. - YouTube,0
(293) 전 안하겠습니다 - YouTube,0
(293) 빠친코 - YouTube,0
(293) 파친코 - YouTube,0
(293) [파친코] 일본한게임 해물어 (정안타20.8.1 ) - YouTube,0
(293) [일본생활vlog] 파칭코 500엔 만에 대박 - YouTube,0
(293) 파칭코 천엔만 해봤다가 잭팟 6배 - YouTube,0
"Yahoo Finance - Stock Market Live, Quotes, Business & Finance News",0
(13) [ENG] [SMTM10] 프로듀서 8인의 역사적인 첫 만남ㅣ10/1(금) 밤 11시 첫 방송 - YouTube,1
(13) YouTube,0
(13) 중국 식당사장님이 22조 반도체회사의 사장이 된 이야기 - YouTube,1
finviz - Google 검색,0
FINVIZ.com - Stock Screener,0
ASML ASML Holding N.V. Stock Quote,0
TSMC Stock Quote,0
Search,0
TSM Taiwan Semiconductor Manufacturing Company Limited Stock Quote,0
QCXOM Stock Quote,0
"OM Outset Medical, Inc. Stock Quote",0
QCOM QUALCOMM Incorporated Stock Quote,0
"MU Micron Technology, Inc. Stock Quote",0
MA Mastercard Incorporated Stock Quote,0
"PINS Pinterest, Inc. Stock Quote",0
"COIN Coinbase Global, Inc. Stock Quote",0
"ZM Zoom Video Communications, Inc. Stock Quote",0
"UBER Uber Technologies, Inc. Stock Quote",0
DIS The Walt Disney Company Stock Quote,0
오징어게임 회사 - Google 검색,0
오징어 게임 관련주 버킷스튜디오 OTT 시장에서 두각 | 한경닷컴,0
https://search.naver.com/search.naver?where=nexearch&sm=top_sug.pre&fbm=1&acr=1&acq=버킷스&qdt=0&ie=utf8&query=버킷스튜디오,0
버킷스튜디오 : 네이버 통합검색,0
T AT&T Inc. Stock Quote,0
"ROKU Roku, Inc. Stock Quote",0
"TDOC Teladoc Health, Inc. Stock Quote",0
(13) 미국개미들이 조정 때마다 사는 주식/테슬라 3대 주주 공개/월배당주 리얼티인컴 이야기 - YouTube,0
Here's the Most Important Trend Investors Are Ignoring | The Motley Fool,0
fertility 뜻 - Google 검색,0
yahoo finance - Google 검색,0
"Teladoc Health, Inc. (TDOC) Stock Price, News, Quote & History - Yahoo Finance",0
"Teladoc Health, Inc. (TDOC) Stock Forum & Discussion - Yahoo Finance",0
"TDOC 134.90 -3.90 -2.81% : Teladoc Health, Inc. - Yahoo Finance",0
(13) Justin Bieber - Off My Face (Live from Paris) - YouTube,0
My Top 7 Stocks to Buy in September's Stock Market Sell-Off,0
My Top 7 Stocks to Buy in September's Stock Market Sell-Off | The Motley Fool,0
SPOT Spotify Technology S.A. Stock Quote,0
"Coinbase Global, Inc. (COIN) Stock Price, News, Quote & History - Yahoo Finance",0
"COIN 231.82 -5.68 -2.39% : Coinbase Global, Inc. - Yahoo Finance",0
"Pinterest, Inc. (PINS) Stock Price, News, Quote & History - Yahoo Finance",0
"Pinterest, Inc. (PINS) Stock Forum & Discussion - Yahoo Finance",0
"PINS 54.20 0.18 0.33% : Pinterest, Inc. - Yahoo Finance",0
"Zoom Video Communications, Inc. (ZM) Stock Price, News, Quote & History - Yahoo Finance",0
"ZM 272.36 -3.83 -1.39% : Zoom Video Communications, Inc. - Yahoo Finance",0
"QUALCOMM Incorporated (QCOM) Stock Price, News, Quote & History - Yahoo Finance",0
QUALCOMM Incorporated (QCOM) Stock Forum & Discussion - Yahoo Finance,0
QCOM 133.88 -0.03 -0.02% : QUALCOMM Incorporated - Yahoo Finance,0
"Opendoor Technologies Inc (OPEN) Stock Price, News, Quote & History - Yahoo Finance",0
Opendoor Technologies Inc (OPEN) Stock Forum & Discussion - Yahoo Finance,0
OPEN 20.35 0.36 1.80% : Opendoor Technologies Inc. - Yahoo Finance,0
OPEN Opendoor Technologies Inc. Stock Quote,0
"Plug Power, Inc. (PLUG) Stock Price, News, Quote & History - Yahoo Finance",0
PLUG 26.97 -0.80 -2.88% : Plug Power Inc. - Yahoo Finance,0
"Plug Power, Inc. (PLUG) Stock Forum & Discussion - Yahoo Finance",0
"SoFi Technologies, Inc. (SOFI) Stock Price, News, Quote & History - Yahoo Finance",0
"SoFi Stock Could Hit $28, Says Analyst",0
"SOFI 17.64 0.50 2.92% : SoFi Technologies, Inc. - Yahoo Finance",0
"SoFi Technologies, Inc. (SOFI) Stock Forum & Discussion - Yahoo Finance",0
bank charter - Google 검색,0
"Spotify Technology S.A. (SPOT) Stock Price, News, Quote & History - Yahoo Finance",0
10 Large-Cap Stocks to Buy According to Anand Parekh’s Alyeska Investment Group,0
"ATVI Activision Blizzard, Inc. Stock Quote",0
SPOT 230.20 -4.66 -1.98% : Spotify Technology S.A. - Yahoo Finance,0
(13) Giveon Playlist (songs you need to hear) - YouTube,0
Spotify Technology S.A. (SPOT) Stock Forum & Discussion - Yahoo Finance,0
"Uber Technologies, Inc. (UBER) Stock Price, News, Quote & History - Yahoo Finance",0
"UBER 46.63 1.15 2.53% : Uber Technologies, Inc. - Yahoo Finance",0
(13) White Ferrari - Frank Ocean | (music video) - YouTube,0
marketwatch - Google 검색,0
MarketWatch: Stock Market News - Financial News - MarketWatch,0
"Opinion: When the stock market pulls back, keep buying  especially these five companies - MarketWatch",0
Opinion: These stock trading signs can tell you when the market is overbought or oversold - MarketWatch,0
SPX Stock Quote,0
SPXL Direxion Daily S&P500 Bull 3X Shares Stock Quote,0
SPXC SPX Corporation Stock Quote,0
spxc - Google 검색,0
SPXX Nuveen S&P 500 Dynamic Overwrite Fund Stock Quote,0
SPXU ProShares UltraPro Short S&P500 Stock Quote,0
SPXB ProShares S&P 500 Bond ETF Stock Quote,0
SPXS Direxion Daily S&P 500 Bear 3X Shares Stock Quote,0
SPXE ProShares S&P 500 ex-Energy ETF Stock Quote,0
PZIR Stock Quote,0
화이자 - Google 검색,0
https://finviz.com/quote.ashx?t=ㅔㄷㄷ,0
ㅔㄷㄷ Stock Quote,0
PEE Stock Quote,0
화이자 주가 - Google 검색,0
PFE Pfizer Inc. Stock Quote,0
Latest News - News Viewer - MarketWatch,0
Tesla’s Stock Is on the Move Again. 3 Things to Drive It Higher. - MarketWatch,0
GM General Motors Company Stock Quote,0
Two Energy Stocks Saw Huge Insider Buys - MarketWatch,0
QQQ Invesco QQQ Trust Stock Quote,0
Healthcare is still ‘stuck in a world of white coats’: 23andMe CEO,0
TQQQ ProShares UltraPro QQQ Stock Quote,0
Opinion: ‘Buy the dip’ is a horrible stock-market strategy  and these charts prove it - MarketWatch,0
MSFT Microsoft Corporation Stock Quote,0
fb stock - Google 검색,0
"Facebook, Inc. (FB) Stock Price, News, Quote & History - Yahoo Finance",0
"Facebook, Inc. (FB) Stock Forum & Discussion - Yahoo Finance",0
"FB 352.96 7.00 2.02% : Facebook, Inc. - Yahoo Finance",0
moral hazard 뜻 - Google 검색,0
"LMND Lemonade, Inc. Stock Quote",0
3 Top Artificial Intelligence Stocks to Buy in September | The Motley Fool,0
cnv - Google 검색,0
cnbc - Google 검색,0
"International Business, World News & Global Stock Market Analysis",0
(13) [DJ티비씨] 김필 - 너무 아픈 사랑은 사랑이 아니었음을 ♬ #비긴어게인3 #DJ티비씨 - YouTube,0
(13)  Disrupting Wall Street: Chamath & ARK Invest Bet BIG on the Future of Investing and YOU (Ep 7) - YouTube,0
"SPCE Virgin Galactic Holdings, Inc. Stock Quote",0
https://www.google.com/search?q=spce+stock&oq=spce+stock&aqs=chrome..69i57l2j69i60j69i61j69i60l3.1351j0j4&sourceid=chrome&ie=UTF-8,0
spce stock - Google 검색,0
work stock - Google 검색,0
"CRM salesforce.com, inc. Stock Quote",0
crm stokc - Google 검색,0
WORK Stock Quote,0
SLACK Stock Quote,0
https://www.google.com/search?q=work+stokc&oq=work+stokc&aqs=chrome..69i57j0i13l9.1191j0j9&sourceid=chrome&ie=UTF-8,0
work stokc - Google 검색,0
(13) cathie wood interview - YouTube,0
(13) cathie wood interview tdoc - YouTube,0
(13) Can Teladoc Become the Tesla of Genomics? w/ ARK’s Brett Winton (Ep. 337) - YouTube,0
"HIMS Hims & Hers Health, Inc. Stock Quote",0
(13) Teladoc CEO on Q4 results and 2021 growth forecast for telehealth business - YouTube,0
(13) tdoc stock - YouTube,0
(13) 오징어 게임 | 제작기 영상 | 넷플릭스 - YouTube,0
(13) 테슬라 오늘 '오픈베타' 시작한다! / 경찰이 보여주는 테슬라 오토파일럿 사고영상? - YouTube,0
Google 계정,0
데이터 순서석기 - Google 검색,1
[python] 사용자 데이터셋 셔플,1
current_tab_ctypes.py (Index) - AI_NoYoutube_60Duo [Codespaces] - Visual Studio Code - Codespaces,1
AI_NoYoutube_60Duo/current_tab_ctypes.py at main · osamhack2021/AI_NoYoutube_60Duo,1
데이터셋 셔플 - Google 검색,1
"R, Python 분석과 프로그래밍의 친구 (by R Friend) :: [Python numpy] Train, Test 데이터셋 분할하기 (split train and test set)",1
"only integers, slices (`:`), ellipsis (`...`), numpy.newaxis (`None`) and integer or boolean arrays are valid indices - Google 검색",1
"python - only integers, slices (`:`), ellipsis (`...`), numpy.newaxis (`None`) and integer or boolean arrays are valid indices - Stack Overflow",1
"파이썬 - 정수, 조각(`:`), 줄임표(`...`), numpy.newaxis(`없음`) 및 정수 또는 부울 배열만 유효한 인덱스입니다.",1
sklearn 데이터 셔플 - Google 검색,1
train_test_split 모듈을 활용하여 학습과 테스트 세트 분리,1
파이썬 데이터셋 셔플 - Google 검색,1
RNN 텍스트분류 - Google 검색,1
Codespaces,1
GitHub web editor,1
current_tab_ctypes.py (Index) - AI_NoYoutube_60Duo - Visual Studio Code,1
hello.py - AI_NoYoutube_60Duo [Codespaces] - Visual Studio Code - Codespaces,1
ML_1.py - AI_NoYoutube_60Duo [Codespaces] - Visual Studio Code - Codespaces,1
ML_1.py (Untracked) - AI_NoYoutube_60Duo [Codespaces] - Visual Studio Code - Codespaces,1
Come As You Are - YouTube Music,0
Finviz,0
Google,0
새 탭,0
NAVER,0
네이버 MYBOX,0
(0% - 0/1개 업로드 중),0
데이터셋 분류 - Google 검색,1
첫 번째 신경망 훈련하기: 기초적인 분류 문제 | TensorFlow Core,1
데이터셋 셔플 - Google 검색,1
[python] 사용자 데이터셋 셔플,1
"R, Python 분석과 프로그래밍의 친구 (by R Friend) :: [Python numpy] Train, Test 데이터셋 분할하기 (split train and test set)",1
random_state - Google 검색,1
python 3.x - scikit learn의 train_test_split () 메소드,1
제목 없음,0
이 시국에 개인교습 - 투믹스,0
shuffle()에서 buffer_size의 중요성 - helloyjam’s blog,1
Train_test_split shuffle,1
Train_test_split shuffle - Google 검색,1
train_test_split 모듈을 활용하여 학습과 테스트 세트 분리,1
stratify - Google 검색,1
파이썬 stratify - Google 검색,1
강의 01 train_test_split으로 데이터 나누기 (stratify=y_data 옵션) - 토닥토닥 파이썬 - 머신러닝,1
https://rfriend.tistory.com/520,0
"R, Python 분석과 프로그래밍의 친구 (by R Friend) :: [Python] 층화 무작위 추출을 통한 train set, test set 분할 (Train, Test set Split by Stratified Random Sampling in Python)",1
python - train_test_split에서 'stratify'를 사용해도 차이가 없습니다 무엇을 위해 사용됩니까?,1
"Embedding(vocab_size, 32 - Google 검색",1
06) 케라스(Keras) 훑어보기 - 딥 러닝을 이용한 자연어 처리 입문,1
Embedding 이란 무엇인가 이해하기,1
소켓으로 텍스트 전송 - Google 검색,1
파이썬 소켓으로 텍스트 전송 - Google 검색,1
https://proni.tistory.com/entry/-Python-socket-연결-문자열-전송,1
 Python * socket 연결 + 문자열 전송,1
"[파이썬] 소켓 프로그래밍-파일 전송, 파일 수신",1
[network] 파이썬 소켓 통신 : 네이버 블로그,1
명월 일지 :: [Python] Socket 통신,1
파이썬 소켓서버 - Google 검색,1
파이썬 소켓 프로그래밍 - 클라이언트 / 서버 예제 - 멈춤보단 천천히라도,1
127.0.0.1,0
소켓서버 접속 - Google 검색,1
[2장] 1. TCP/IP - 소켓을 작성하고 서버에 접속한다.,1
TCP 소켓 서버/클라이언트 구현 - 기초 개념 다지기,1
https://kimhyun2017.tistory.com/69,0
(2) 연결을 요청하는 소켓의 구현(클라이언트 소켓) 및 서버 접속,1
[기본] 소켓(SOCKET)통신 이란?,1
코랩 - Google 검색,1
Google Colab,1
Colaboratory에 오신 것을 환영합니다 - Colaboratory,1
ConnectionRefusedError: [Errno 111] Connection refused - Google 검색,1
파이썬 Python 2.7 : socket.error 오류 [Errno 111]-연결이 거부되었습니다.,1
Python 2.7 : socket.error error [Errno 111] - connection refused - Stack Overflow,1
Python 2.7 : socket.error 오류 [Errno 111] - 연결이 거부되었습니다.,1
OSError: [Errno 113] No route to host - Google 검색,1
socket error(113)!(113:No route to host) 에러 발생시 : 네이버 블로그,1
Python 2.7 [Errno 113] No route to host - Stack Overflow,1
Python 2.7 [Errno 113] 호스트 경로가 없습니다.,1
GitHub: Where the world builds software · GitHub,1
Join GitHub · GitHub,1
Sign in to GitHub · GitHub,1
GitHub,1
osamhack2021/AI_NoYoutube_60Duo,1
test · osamhack2021/AI_NoYoutube_60Duo@11e7c57,1
AI_NoYoutube_60Duo/web at main · osamhack2021/AI_NoYoutube_60Duo,1
AI_NoYoutube_60Duo/Server_html at main · osamhack2021/AI_NoYoutube_60Duo,1
AI_NoYoutube_60Duo/server_1.py at main · osamhack2021/AI_NoYoutube_60Duo,1
557c-35-194-29-16.ngrok.io,0
서버에 텍스트 전송 - Google 검색,1
https://hianna.tistory.com/305,0
[HTML] 입력받은 데이터 서버로 전송하기 - submit - 어제 오늘 내일,1
파이썬 서버에 텍스트 전송 - Google 검색,1
파이썬에서 서버로 데이터 전송(post 방식),1
python을 이용한 파일 송수신 프로그램,1
소켓통신으로 실시간 메모장 데이터 보내기 (python),1
18 # 메시지를 전송합니다. OSError: [Errno 113] No route to host - Google 검색,1
python - How to avoid this socket.error: [Errno 113] No route to host? - Stack Overflow,1
socket.error: [Errno 113] No route to host (Adding... - Cloudera Community - 34423,1
플라스크서버 텍스트 전송 - Google 검색,1
파이썬 실시간 텍스트 전송 - Google 검색,1
[Python] Socket과 TCPServer를 이용한 TCP/IP 프로그래밍 (작성중) :: 불곰,1
Python으로 실시간 로그 파일 모니터링 코드 구현,1
파이썬 양방향 통신 - Google 검색,1
파이썬 양방향 통신,1
python - 소켓 : 파이썬의 양방향 통신 - IT 툴 넷,1
Python 채팅 프로그램 만들기 :: 1D1C,1
파이썬 소켓 통신 - kwon | kwon's Blog,1
Codespaces,1
AI_NoYoutube_60Duo - Visual Studio Code,1
AI_NoYoutube_60Duo [Codespaces] - Visual Studio Code - Codespaces,1
[Preview] readme.md - AI_NoYoutube_60Duo [Codespaces] - Visual Studio Code - Codespaces,1
test_1.py - AI_NoYoutube_60Duo [Codespaces] - Visual Studio Code - Codespaces,1
