¿µ¾îÈ¸È­¸¦ °Ç°­ÇÏ°Ô! ¿µ¾î°øºÎ ÇÊ¼ö ºñÅ¸¹Î #4 I'm here to~ ¿µ¾îÈ¸È­ÇĞ¿ø¿µ¾î¹ßÀ½ ¿µ¾îÃ¥ÃßÃµ - YouTube,1
¿µ¾î°øºÎ - YouTube,1
[»ıÈ°¿µ¾îÈ¸È­] 10ºĞÀÇ ±âÀû ÆĞÅÏÀ¸·Î ¸»ÇÏ±â ÆĞÅÏ¿µ¾î °³ ÃÑÁ¤¸®! ¿µ¾îÈ¸È­µ¶ÇĞ ¿µ¾îÈ¸È­Ã¥ 1~100 ¿Ï°á¡Ú - YouTube,1
¹Ì±¹ÀÎµéÀÌ °¡Àå ¸¹ÀÌ ¾²´Â ½ÇÀü ¿µ¾î Ç¥Çö 50°³! (±¸½½½Ü ¿µ»ó ÃÑÁ¤¸® 1Åº!) - YouTube,1
" ¿µ¾îÈ¸È­ | Ç¥Çö | ""¾Ë´Ù"" ÀÇ 9°¡Áö À¯Çü - YouTube",1
ÅäÀÍ - YouTube,1
ÅäÀÍ µ¶ÇĞ·¯ º»°İ ±¸¿ø ÇÁ·ÎÁ§Æ®¡Ú ÇØÄ¿½º 1À§ ÅäÀÍ¸¸Á¡°­»ç ±èÁøÅÂ ¼±»ı´Ô°ú ¹®¹ı ºÒÅÂ¿ï ÅäÀÍÄ¿ ±¸ÇÕ´Ï´Ù(172¸¸/200¸¸)  9¿ù 26ÀÏ ÅäÀÍ ½ÃÇè Àü ÇÊ¼ö½ÃÃ» - YouTube,1
"ÅäÀÍ ÃÊº¸¶ó¸é 100% ±Ã±İÇØÇÒ Áú¹® TOP 4 °¡°¨ ¾øÀÌ ºñÆ²¾îµå¸³´Ï´Ù! ÅäÀÍ½ÃÇè´ëºñ ÁøÂ¥ ÅäÀÍ°øºÎ¹ı£üÀÔ¹®ÇĞÅäÀÍ LCÇÑ³ª 1Åº£üÅäÀÍ´Ü¾î, ÅäÀÍº¸Ä«, ÅäÀÍlc,8¿ù 8ÀÏ ÅäÀÍ - YouTube",1
ÅäÀÍ 600Á¡ ¸¸µé±â [ÅäÀÍ ¹®¹ı ±âÃÊ ¹®Á¦ Ç®ÀÌ¹ı 40ºĞ ¿Ï¼º º¸Àå] - YouTube,1
[Åä¸°ÀÌ ¿Ïº® Å»Ãâ °¡ÀÌµå] ÅäÀÍ ÃÊº¸´Â ²À ÀÌ ¿µ»óÀ» º¸¼¼¿ä! 600Á¡ ³Ñ±â±â ÇÊ¼ö ¿µ»ó! - YouTube,1
"ÅäÀÍ RC ÇÙ½É Æ÷ÀÎÆ® 23°³¸¸À¸·Î 9¿ù 26ÀÏ ÅäÀÍ½ÃÇè +50Á¡ »ó½Â! | ÇØÄ¿½º ÁÖ´ë¸í | ÅäÀÍ Á¢¼ö, ÅäÀÍ½ÃÇè, ÅäÀÍ900, ÅäÀÍ Á¡¼ö, ÅäÀÍ±âÃâ¹®Á¦, Á¾·Î ÇØÄ¿½º, ÅäÀÍÃ¥ - YouTube",1
±¹¹æ¿ÀÇÂ¼Ò½º¾ÆÄ«µ¥¹Ì,1
ÆÄÀÌ½ã decode - Google °Ë»ö,1
osam - Google °Ë»ö,1
ÄÚµù°øºÎ - YouTube,1
"ÄÚµù ¹è¿ö¼­ ¾Û, À¥ ¸¸µé°í ½ÍÀ¸½Å°¡¿ä? ÄÚµù °øºÎ ¼ø¼­ Á¤¸®ÇØµå¸³´Ï´Ù. - YouTube",1
ÆÄÀÌ½ã ¹«·á ±âÃÊ °­ÀÇ - 1°­ ÆÄÀÌ½ãÀÌ¶õ ¹«¾ùÀÎ°¡? - YouTube,1
ÀÏ¹İÀÎÀÌ »ı°¢ÇÏ´Â ÇÁ·Î±×·¡¹Ö vs Çö½Ç ÇÁ·Î±×·¡¹Ö #Shorts - YouTube,1
ÀÏ¹İÀÎÀÌ »ı°¢ÇÏ´Â ÇÁ·Î±×·¡¹Ö vs Çö½Ç ÇÁ·Î±×·¡¹Ö 2Åº - YouTube,1
ÇöÁ÷ °³¹ßÀÚ°¡ ÃßÃµÇÏ´Â ²À ¹è¿ö¾ß ÇÒ ÇÁ·Î±×·¡¹Ö ¾ğ¾î! - YouTube,1
ÀÎ¹®ÇĞ°­ÀÇ - YouTube,1
¿ª»çÇĞ - YouTube,1
¼öÇĞ - YouTube,1
»çÈ¸ - YouTube,1
°úÇĞ - YouTube,1
coding - YouTube,1
science - YouTube,1
math - YouTube,1
Python¿¡¼­ ÅØ½ºÆ® ¾ÈÀÇ ÀÌ¸ğÁö(emoji)Á¦°ÅÇÏ±â,1
[ Á¤±Ô½Ä ] emoji ÀÌ¸ğÆ¼ÄÜ Á¦°ÅÇÏ±â,1
AI_NoYoutube_60Duo/tab_text_dataset_3.py at main ¡¤ osamhack2021/AI_NoYoutube_60Duo,1
·ÑÅäÃ¼½º - YouTube,1
¡¼·ÑÅäÃ¼½º °­ÀÇ¡½ÀÌ°Ç ¹«Á¶°Ç ÇØ¾ßµË´Ï´Ù ¸»µµ¾ÈµÇ´Â ¼ø¹æ·ü Á¡¼ö¸¦ ³¯·Î¸Ô´Â 4±â¿øÀÚ Ä«¸£¸¶µ¦ ÇÙ½É°ø·« Á¦´ë·Î¾Ë·Áµå¸³´Ï´Ù(·ÑÅäÃ¼½º 5.5 Ã§¸°Àú 1Æ¼¾î ±¸·ç·ç ÃÊº¸ÀÚ °­ÀÇ) - YouTube,1
¡¼·ÑÅäÃ¼½º °­ÀÇ¡½Àç¹Ì¿Í Á¡¼ö¸¦ ÇÑ¹ø¿¡ Ã¬°Üµå¸³´Ï´Ù! ¾ĞµµÀûÀÎ °ñµå Â÷ÀÌ 5¿ëÁ· ºôµå¾÷ ÄÉÀÏµ¦ ÇÙ½É°ø·«(·ÑÅäÃ¼½º 5.5 Ã§¸°Àú 1Æ¼¾î ±¸·ç·ç ÃÊº¸ÀÚ °­ÀÇ ±â»ç ±¸¿ø¹ŞÀºÀÚ ¾Ö½¬) - YouTube,1
·ÑÃ¨½º - YouTube,1
´ã¿ø±â¾Æ vs. T1 | ¸ÅÄ¡ ÇÏÀÌ¶óÀÌÆ® | 08.28 | 2021 LCK ¼­¸Ó ½ºÇÃ¸´ °á½Â - YouTube,0
DWG vs SN | Finals H/L 10.31 | 2020 ¿ùµå Ã¨ÇÇ¾ğ½Ê - YouTube,0
2021.9.23(¸ñ) [±õµµÀÌ] ½ºÅ¸ »¡¹« ÆÀÇÃ - YouTube,0
"Çö¸ŞÅ¸¿¡ °¡Àå Àß ¾î¿ï¸®´Â ÇÙ½É ±Ùº» ¿øµô ""¾Ö½¬ °­ÀÇ"" - YouTube",0
[¿Àµò] ¼ÒÅë ¡¿100 ¹«¾ùÀÌµç ¹°¾îº¸¼¼¿ä!!~~~ 60¸®¼¼ Áß ±×¸®°í 1¾ï ½ºÅ³ D-2! - YouTube,0
Èæ¿îÀå HELL·Î µğ¾Æºí·Î : ·¹Àú·º¼Ç ¿ÀÇÂ !!! ¹Ù·Î ´Ş¸³´Ï´Ù!!! - YouTube,0
³İÇÃ¸¯½º - YouTube,0
¿ÀÂ¡¾î °ÔÀÓÀÇ »õº®ÀÌ Á¤ÆÄÆ¼ÇÃ·¡³Ê·Î µ¥ºßÇÑ ÀÌÀ¯´Â? ¿À°× ºĞÀ§±â ¸ŞÀÌÄ¿ Á¤È£¿¬ Å°¿öµå ÀÎÅÍºä | ¿ÀÂ¡¾î °ÔÀÓ | ³İÇÃ¸¯½º - YouTube,0
ÇØ¿Ü¿¡¼­ ´õ Ãæ°İ¹ŞÀº ÇÑ±¹ ³İÇÃ¸¯½º ¿ª´ë ÃÖ°í ¼öÀ§ 1À§ µå¶ó¸¶ ¤¾¤§¤§.... - YouTube,0
»õ ÅÇ,0
NAVER,0
³×ÀÌ¹ö : ·Î±×ÀÎ,0
ÄÚ·¦ - Google °Ë»ö,1
Google Colab,1
Colaboratory¿¡ ¿À½Å °ÍÀ» È¯¿µÇÕ´Ï´Ù - Colaboratory,1
·Î±×ÀÎ - Google °èÁ¤,0
Lotto.ipynb - Colaboratory,1
µ¿Çàº¹±Ç - Google °Ë»ö,0
µ¿Çàº¹±Ç,1
·Î±×ÀÎ < È¸¿ø¼­ºñ½º | µ¿Çàº¹±Ç,0
https://dhlottery.co.kr,0
±¸¸ÅÇÏ±â < ·Î¶Ç 6/45 < º¹±ÇÁ¤º¸ | µ¿Çàº¹±Ç,0
³×ÀÌ¹ö MYBOX,0
gtptabs.com/tabs/54/a-star-is-born-zvezda-rodilas/shallow-lady-gaga-bradley-cooper-fingerstyle-guitar-cover-by-neil-wicker.html,0
"Shallow (Lady Gaga, Bradley Cooper) (Fingerstyle Guitar Cover by Neil Wicker) - A Star is Born (Zvezda Rodilas) - Guitar PRO tabs, free download gtp files archive, chords, notes",0
YouTube,0
YouTube Music,0
Facebook - ·Î±×ÀÎ ¶Ç´Â °¡ÀÔ,0
Facebook,0
"µü 7ÀÏ¸¸ ´õ, º¸¸§´ŞÃ³·³ Ç³¿ä·Î¿î Ãß¼® ¾ŞÄİ ÀÌº¥Æ®  - ÀÎÇÁ·± | ½ºÅä¸®",1
github - Google °Ë»ö,1
rnn Å×½ºÆ® ÀÎ½Ä - Google °Ë»ö,1
rnn ÅØ½ºÆ® ºĞ·ù - Google °Ë»ö,1
11. RNNÀ» ÀÌ¿ëÇÑ ÅØ½ºÆ® ºĞ·ù(Text Classification) - µö ·¯´×À» ÀÌ¿ëÇÑ ÀÚ¿¬¾î Ã³¸® ÀÔ¹®,1
1) ÄÉ¶ó½º¸¦ ÀÌ¿ëÇÑ ÅØ½ºÆ® ºĞ·ù °³¿ä(Text Classification using Keras) - µö ·¯´×À» ÀÌ¿ëÇÑ ÀÚ¿¬¾î Ã³¸® ÀÔ¹®,1
2) ½ºÆÔ ¸ŞÀÏ ºĞ·ùÇÏ±â(Spam Detection) - µö ·¯´×À» ÀÌ¿ëÇÑ ÀÚ¿¬¾î Ã³¸® ÀÔ¹®,1
·ÑÅäÃ¼½º - YouTube,0
¡¼·ÑÅäÃ¼½º °­ÀÇ¡½ÀÌ°Ç ¹«Á¶°Ç ÇØ¾ßµË´Ï´Ù ¸»µµ¾ÈµÇ´Â ¼ø¹æ·ü Á¡¼ö¸¦ ³¯·Î¸Ô´Â 4±â¿øÀÚ Ä«¸£¸¶µ¦ ÇÙ½É°ø·« Á¦´ë·Î¾Ë·Áµå¸³´Ï´Ù(·ÑÅäÃ¼½º 5.5 Ã§¸°Àú 1Æ¼¾î ±¸·ç·ç ÃÊº¸ÀÚ °­ÀÇ) - YouTube,0
¡¼·ÑÅäÃ¼½º °­ÀÇ¡½Àç¹Ì¿Í Á¡¼ö¸¦ ÇÑ¹ø¿¡ Ã¬°Üµå¸³´Ï´Ù! ¾ĞµµÀûÀÎ °ñµå Â÷ÀÌ 5¿ëÁ· ºôµå¾÷ ÄÉÀÏµ¦ ÇÙ½É°ø·«(·ÑÅäÃ¼½º 5.5 Ã§¸°Àú 1Æ¼¾î ±¸·ç·ç ÃÊº¸ÀÚ °­ÀÇ ±â»ç ±¸¿ø¹ŞÀºÀÚ ¾Ö½¬) - YouTube,0
·ÑÃ¨½º - YouTube,0
µ¿Çàº¹±Ç,0
GitHub: Where the world builds software ¡¤ GitHub,1
Join GitHub ¡¤ GitHub,1
Sign in to GitHub ¡¤ GitHub,1
GitHub,1
osamhack2021/AI_NoYoutube_60Duo,1
cp949_error_resolve ¡¤ osamhack2021/AI_NoYoutube_60Duo@07cd6b4,1
AI_NoYoutube_60Duo/AI at main ¡¤ osamhack2021/AI_NoYoutube_60Duo,1
File Finder,0
Python-PIP ¼³Ä¡ ¹®Á¦ ÇØ°á-PermissionError : [WinError 5] ¾×¼¼½º°¡ °ÅºÎµÇ¾ú½À´Ï´Ù.,1
crawl - Google °Ë»ö,1
Å©·Ñ¸µ - Google °Ë»ö,1
New File,0
AI_NoYoutube_60Duo/crawling at main ¡¤ osamhack2021/AI_NoYoutube_60Duo,1
hidden - Google °Ë»ö,1
Google,1
»õ ÅÇ,1
(21% - 0/1°³ ¾÷·Îµå Áß),0
Upload files ¡¤ osamhack2021/AI_NoYoutube_60Duo,1
Processing your files¡¦,1
AI_NoYoutube_60Duo/test_1.py at main ¡¤ osamhack2021/AI_NoYoutube_60Duo,1
AI_NoYoutube_60Duo/hello.py at main ¡¤ osamhack2021/AI_NoYoutube_60Duo,1
AI_NoYoutube_60Duo/1.md at main ¡¤ osamhack2021/AI_NoYoutube_60Duo,1
AI_NoYoutube_60Duo/tab_text_dataset.py at main ¡¤ osamhack2021/AI_NoYoutube_60Duo,1
AI_NoYoutube_60Duo/tab_text_dataset_2.py at main ¡¤ osamhack2021/AI_NoYoutube_60Duo,1
AI_NoYoutube_60Duo/test_22.py at main ¡¤ osamhack2021/AI_NoYoutube_60Duo,1
ImportError: cannot import name 'set_array_function_like_doc' from 'numpy.core.overrides'. - Google °Ë»ö,1
Cannot import name 'multiarray' ¡¤ Issue #9047 ¡¤ numpy/numpy,1
multiarray' ÀÌ¸§À» °¡Á®¿Ã ¼ö ¾ø½À´Ï´Ù. ¡¤ ¹®Á¦ #9047 ¡¤ numpy/numpy,1
ERROR: Could not install packages due to an OSError: - Google °Ë»ö,1
ÆÄÀÌ½ã¼³Ä¡¿À·ù) ERROR: Could not install packages due to an EnvironmentError: [WinError 5] ¾×¼¼½º°¡ °ÅºÎ : ³×ÀÌ¹ö ºí·Î±×,1
ERROR: Could not install packages due to an OSError: [WinError 5] ¾×¼¼½º°¡ °ÅºÎµÇ¾ú½À´Ï´Ù: 'C:\\Users\\w2123\\anaconda3\\Lib\\site-packages\\numpy\\.libs\\libopenblas.XWYDX2IKJW2NMTWSFYNGFUWKQU3LYTCZ.gfortran-win_amd64.dll' Consider using the `--user` option or check the permissions. - Google °Ë»ö,1
(WinError5) ±ÇÇÑ ¿À·ù·Î ¼³Ä¡°¡ µÇÁö ¾ÊÀ»¶§ : ³×ÀÌ¹ö ºí·Î±×,1
[ÆÄÀÌ½ã] WinError 5 ¾×¼¼½º °ÅºÎ ¿À·ù,1
"ÆÄÀÌ½ã ¿¡·¯, [WinError 5] ¾×¼¼½º°¡ °ÅºÎµÇ¾ú½À´Ï´Ù_ÇØ°á ¹æ¹ı",1
¾Æ³ªÄÜ´Ù ERROR: Could not install packages due to an OSError: [WinError 5] ¾×¼¼½º°¡ °ÅºÎµÇ¾ú½À´Ï´Ù: - Google °Ë»ö,1
Python / À©µµ¿ì¿¡¼­ pip·Î ¼³Ä¡ÇÒ ¶§ ¡®¾×¼¼½º°¡ °ÅºÎµÇ¾ú½À´Ï´Ù.¡¯ ÇØ°áÇÏ´Â ¹æ¹ı  CODING FACTORY,1
ÆÄÀÌ½ã PermissionError WinError 5 ¾×¼¼½º°¡ °ÅºÎµÇ¾ú½À´Ï´Ù - Google °Ë»ö,1
ÆÄÀÌ½ã PermissionError WinError 5 ¾×¼¼½º°¡ °ÅºÎµÇ¾ú½À´Ï´Ù,1
ÆÄÀÌ½ã ¿¡·¯ : [WinError 5] ¿¢¼¼½º°¡ °ÅºÎµÇ¾ú½À´Ï´Ù. - µ¥ÀÌÅÍ »çÀÌ¾ğ½º »ç¿ë ¼³¸í¼­,1
https://www.google.com/search?q=%27python%27Àº(´Â)+³»ºÎ+¶Ç´Â+¿ÜºÎ+¸í·É%2C+½ÇÇàÇÒ+¼ö+ÀÖ´Â+ÇÁ·Î±×·¥%2C+¶Ç´Â+¹èÄ¡+ÆÄÀÏÀÌ+¾Æ´Õ´Ï´Ù.&rlz=1C1FKPE_koKR943KR943&oq=%27python%27Àº(´Â)+³»ºÎ+¶Ç´Â+¿ÜºÎ+¸í·É%2C+½ÇÇàÇÒ+¼ö+ÀÖ´Â+ÇÁ·Î±×·¥%2C+¶Ç´Â+¹èÄ¡+ÆÄÀÏÀÌ+¾Æ´Õ´Ï´Ù.&aqs=chrome..69i57.374j0j1&sourceid=chrome&ie=UTF-8,1
"python'Àº(´Â) ³»ºÎ ¶Ç´Â ¿ÜºÎ ¸í·É, ½ÇÇàÇÒ ¼ö ÀÖ´Â ÇÁ·Î±×·¥, ¶Ç´Â ¹èÄ¡ ÆÄÀÏÀÌ ¾Æ´Õ´Ï´Ù. - Google °Ë»ö",1
python ³»ºÎ ¶Ç´Â ¿ÜºÎ ¸í·É ½ÇÇàÇÒ ¼ö ÀÖ´Â ÇÁ·Î±×·¥ ¶Ç´Â ¹èÄ¡ ÆÄÀÏÀÌ ¾Æ´Õ´Ï´Ù :: studyhard24,1
Á¦¸ñ ¾øÀ½,0
ÆÄÀÌ½ã ¼³Ä¡ À©µµ¿ì È¯°æº¯¼ö python install windows path :: studyhard24,1
python - Google °Ë»ö,1
Welcome to Python.org,1
Download Python | Python.org,1
ERROR: Could not find a version that satisfies the requirement numpy (from versions: none) ERROR: No matching distribution found for numpy] - Google °Ë»ö,1
ERROR: No matching distribution found for numpy - Google °Ë»ö,1
[Python] ÅÙ¼­ÇÃ·Î¿ì¸¦ À§ÇÑ Python pip ¼³Á¤,1
Python Pip install ¹®Á¦ ÇØ°á - HTTPS!?,1
libopenblas.XWYDX2IKJW2NMTWSFYNGFUWKQU3LYTCZ.gfortran-win_amd64.dll' Consider using the `--user` option or check the permissions. - Google °Ë»ö,1
tensorflow - Could not install packages due to an EnvironmentError: [WinError 5] Access is denied: - Stack Overflow,1
tensorflow - EnvironmentError·Î ÀÎÇØ ÆĞÅ°Áö¸¦ ¼³Ä¡ÇÒ ¼ö ¾ø½À´Ï´Ù: [WinError 5] ¾×¼¼½º°¡ °ÅºÎµÇ¾ú½À´Ï´Ù: - CODE ÇØ°á µÈ ¹®Á¦,1
½ºÆÄÀÌ´õ ÆÄÀÌ½ã ¹öÀüº¯°æ - Google °Ë»ö,1
[Tip!] Anaconda(¾Æ³ªÄÜ´Ù) ÆÄÀÌ½ã ¹öÀü º¯°æÇÏ±â :: Technical Support,1
Messenger | Facebook,1
ÅØ½ºÆ® ¼öÁ¤ÇÏ¸é¼­ À¥¼­¹ö º¸³»±â - Google °Ë»ö,1
¼ÒÄÏÀ» ÀÌ¿ëÇÑ ÅØ½ºÆ® Àü¼Û - Google °Ë»ö,1
[C# ¼ÒÄÏ ÇÁ·Î±×·¡¹Ö] 03. ¹®ÀÚ¿­ µ¥ÀÌÅÍ Àü¼ÛÇÏ±â : ³×ÀÌ¹ö ºí·Î±×,1
ÆÄÀÌ½ã ¼ÒÄÏÀ» ÀÌ¿ëÇÑ ÅØ½ºÆ® Àü¼Û - Google °Ë»ö,1
ÆÄÀÌ½ã ¼ÒÄÏ ÇÁ·Î±×·¡¹Ö - 1. °£´ÜÇÑ Ã¤ÆÃ ÇÁ·Î±×·¥ ±¸Çö(1),1
[Python] Socket°ú TCPServer¸¦ ÀÌ¿ëÇÑ TCP/IP ÇÁ·Î±×·¡¹Ö (ÀÛ¼ºÁß) :: ºÒ°õ,1
[Python] ÆÄÀÌ½ã ¼ÒÄÏ ¼­¹ö ÇÁ·Î±×·¡¹Ö,1
"[ÆÄÀÌ½ã] ¼ÒÄÏ ÇÁ·Î±×·¡¹Ö-ÆÄÀÏ Àü¼Û, ÆÄÀÏ ¼ö½Å",1
[ Python ] socket ¿¬°á + ¹®ÀÚ¿­ Àü¼Û,1
 Python * socket ¿¬°á + ¹®ÀÚ¿­ Àü¼Û,1
"Counting Stars(ÇÇÃ³¸µ: Å©¸®½Ã ÄÚ½ºÅºÀÚ, Kurt Hugo Schneider(Ä¿Æ® ÈŞ°í ½´³ªÀÌ´õ)) - YouTube Music",1
½ºÅ¸Æ®ÁÜ,0
(12) YouTube,0
(12) [ÇÏ³ª¿øÅ¥ K¸®±×1] R32 ¼ö¿ø vs ¼­¿ï ÇÏÀÌ¶óÀÌÆ® | Suwon vs Seoul Highlights (21.09.26) - YouTube,0
(12) [ÇÏ³ª¿øÅ¥ K¸®±×1] R32 ´ë±¸ vs ¼ö¿øFC ÇÏÀÌ¶óÀÌÆ® | Daegu vs Suwon FC Highlights (21.09.25) - YouTube,0
(12) 'ºÎ»ó ¸Ş½Ã °ø¹é ¾ø´Ù' 8¿¬½Â ÁúÁÖ [¸®±×1 HL 8R/ PSG vs ¸ùÆç¸®¿¡] - YouTube,0
(12) [ºĞµ¥½º¸®°¡] ¹¡Çî±Û¶óÆ®¹ÙÈå VS µµ¸£Æ®¹®Æ® - H/L¤ÓBundesliga 2021-2022 6R - YouTube,0
(12) [21/22 PL] 6R Ã¿½Ã vs ¸Ç½ÃÆ¼ MVP Ä­¼¿·ç - YouTube,0
(12) µ¥ÀÌÅÍ ½ºÅ×ÀÌ¼Ç - YouTube,0
(12) Pandas¸¦ ÀÌ¿ëÇÑ È¸»ç¿¡¼­ ³ª¿À´Â ¿¢¼¿ µ¥ÀÌÅÍ Ã³¸® (Stack / Melt) #Python #ÆÄÀÌ½ã - YouTube,1
(12) Pandas¸¦ ÀÌ¿ëÇÑ È¸»ç¿¡¼­ ³ª¿À´Â ¿¢¼¿ µ¥ÀÌÅÍ Ã³¸® (Apply ÇÔ¼ö) #Python #ÆÄÀÌ½ã - YouTube,1
Google Chrome °í°´¼¾ÅÍ,0
(12) Pandas¸¦ ÀÌ¿ëÇÑ È¸»ç¿¡¼­ ³ª¿À´Â ¿¢¼¿ µ¥ÀÌÅÍ Ã³¸® (Apply / Pivoting / Save) #Python #ÆÄÀÌ½ã - YouTube,1
Gmail,0
"¹ŞÀºÆíÁöÇÔ (5,586) - hyunseunghong98@gmail.com - Gmail",0
"¹ŞÀºÆíÁöÇÔ (5,587) - hyunseunghong98@gmail.com - Gmail",0
º¸³½ÆíÁöÇÔ - hyunseunghong98@gmail.com - Gmail,0
(12) [ÇÏ³ª¿øÅ¥ K¸®±×1] R32 ¼º³² vs °­¿ø ÇÏÀÌ¶óÀÌÆ® | Seongnam vs Gangwon Highlights (21.09.26) - YouTube,0
"(12) ±Ş¶ôÇÑ ³ªÀÌÅ° vs ÆäÀÌ½ººÏ, ¹¹°¡ ´õ ¸Å·ÂÀûÀÏ±î¿ä! - YouTube",0
fb stokc - Google °Ë»ö,0
"ABNB Airbnb, Inc. Stock Quote",0
"FB Facebook, Inc. Stock Quote",0
"NKE NIKE, Inc. Stock Quote",0
ADBE Adobe Inc. Stock Quote,0
naver - Google °Ë»ö,0
¹ÂÁ÷Ä«¿ì - Google °Ë»ö,0
´ºÅä³¢ - Google °Ë»ö,0
¹ÂÁ÷Ä«¿ì - ¼¼°è ÃÖÃÊ ÀúÀÛ±Ç °Å·¡ ÇÃ·§Æû,0
·Î±×ÀÎ - ¹ÂÁ÷Ä«¿ì,0
Ä«Ä«¿À°èÁ¤,0
¸¶ÀÌ¹ÂÄ« - ¹ÂÁ÷Ä«¿ì,0
³» º¸À¯°î - ¹ÂÁ÷Ä«¿ì,0
STAY THE NIGHT (Feat. DeVita) / GRAY (±×·¹ÀÌ) - ¹ÂÁ÷Ä«¿ì,0
¸¶ÄÏ - ¹ÂÁ÷Ä«¿ì,0
MCPI - ¹ÂÁ÷Ä«¿ì,0
½ÇÇö¼ÕÀÍ - ¹ÂÁ÷Ä«¿ì,0
(2) YouTube,0
youtbe.com,0
Twitch,0
Twitch ·Î±×ÀÎ ÀÎÁõ¹øÈ£(10656),0
invokejw - Twitch,0
µğ³ëÅ°¿À - Twitch,0
(292) YouTube,0
(292) ±¸µ¶ - YouTube,0
(292) ¿©ÀÚÄ£±¸´Â Ä«Åå ¸»Åõ¸¸ º¸°í ³²Ä£À» Ã£À» ¼ö ÀÖÀ»±î? - YouTube,0
0.17%p Â÷ ½Å½Â °ÅµĞ ÀÌ³«¿¬¡¦º»¼± Á÷Çà vs °á¼± ÅõÇ¥ | SBS ´º½º,0
"È­Á¦ÀÇ °ÔÀÓ±â ½ºÆÀ µ¦, ¸ÖÆ¼ºÎÆÃ Çã¿ë-10°³ µ¿½Ã ÅÍÄ¡µµ °¡´É... eGPU È®ÀåÀº ¾ÈµÅ : ³×ÀÌ¹ö Æ÷½ºÆ®",0
egpu - Google °Ë»ö,0
¿ÜÀå±×·¡ÇÈ/eGPU : ´Ù³ª¿Í °¡°İºñ±³,0
memeshe - Google °Ë»ö,0
"(292) »ç±Í°í Ã³À½ÇÏ´Â QnA, ±×¸®°í °áÈ¥ ÀÌ¾ß±â - YouTube",0
(292) Å½»ö - YouTube,0
(292) ·¹¾Ë ¸¶µå¸®µå ³î¶ó°Ô ÇÑ ÀÌ°­ÀÎ¡¦'°ñµçº¼' ÀáÀç·Â ÀÔÁõ #SPORTSTIME - YouTube,0
¿øÁ¶ ±«Â¥' ´Ğ µğ¾ÆÁî¡¦ 6³â 8°³¿ù ¸¸¿¡ UFC º¹±Í #SPORTSTIME - YouTube,0
(292) '¿øÁ¶ ±«Â¥' ´Ğ µğ¾ÆÁî¡¦ 6³â 8°³¿ù ¸¸¿¡ UFC º¹±Í #SPORTSTIME - YouTube,0
(292) psg - YouTube,0
(292) PSG±ØÀå Àç°³Àå! 2°æ±â ¿¬¼Ó ¹öÀúºñÅÍ ÀÛ·Ä! [¸®±×1 HL 7R/ FC¸Ş½º vs PSG] - YouTube,0
³×ÀÌ¹ö ´º½º,0
½ºÆ÷Ã÷È¨ : ³×ÀÌ¹ö ½ºÆ÷Ã÷,0
½ºÄÚ¾îº¸µå : ³×ÀÌ¹ö ½ºÆ÷Ã÷,0
³×ÀÌ¹ö ½ºÆ÷Ã÷,0
¸¹ÀÌ º» ´º½º : ³×ÀÌ¹ö ½ºÆ÷Ã÷,0
ÇØ¿ÜÃà±¸ : ³×ÀÌ¹ö ½ºÆ÷Ã÷,0
"±â·Ï/¼øÀ§, ÇØ¿ÜÃà±¸ : ³×ÀÌ¹ö ½ºÆ÷Ã÷",0
¾ß±¸ : ³×ÀÌ¹ö ½ºÆ÷Ã÷,0
¡®4¾ÈÅ¸¡æ4¾ÈÅ¸¡æ3¾ÈÅ¸¡æ1¾ÈÅ¸¡æ3¾ÈÅ¸¡æ5¾ÈÅ¸¡¯ ÀüÁØ¿ìÀÇ ¹ÌÄ£ Å¸°İ°¨ [¿À!½ë °íÃ´],0
"""Á¦±¸ OK"" ´ÙÄ«ÇÏ½Ã, ÃÖ°í 152km+5K! ºê·è½º ºóÀÚ¸® Ã¤¿ü´Ù",0
"´º½º, ¾ß±¸ : ³×ÀÌ¹ö ½ºÆ÷Ã÷",0
"ÀÏÁ¤/°á°ú, ¾ß±¸ : ³×ÀÌ¹ö ½ºÆ÷Ã÷",0
ÇÑÈ­ 9¿ù ½Â·ü - Google °Ë»ö,0
ÇÑÈ­ ÀÌ±Û½º/2021³â/9¿ù - ³ª¹«À§Å°,0
±èÅÂ¿¬(1997) - ³ª¹«À§Å°,0
(292) ¹ÂÁöÄÃÆ¼ÄÏÆÃ - YouTube,0
(292) ¹ÂÁöÄÃ ÁÂ¼® °í¸£´Â ¹ı (¹ÂÁöÄÃ TMI) - YouTube,0
ÀÎÅÍÆÄÅ© - Google °Ë»ö,0
ÀÎÅÍÆÄÅ©,0
Æ¼ÄÏ ·©Å·- ÀÎÅÍÆÄÅ©,0
½Î´Ï±î ¹ÏÀ¸´Ï±î - ÀÎÅÍÆÄÅ© Æ¼ÄÏ,0
¹ÂÁöÄÃ ÁöÅ³¾ØÇÏÀÌµå (Jekyll£¦Hyde),0
¹ÂÁöÄÃ ÁöÅ³¾ØÇÏÀÌµå (Jekyll£¦Hyde) - ÀÎÅÍÆÄÅ©,0
ÀÎÅÍÆÄÅ© Á¦ÈŞÇÒÀÎ ÇıÅÃ,0
Toping - ÀÎÅÍÆÄÅ©,0
SKºê·Îµå¹êµå ¼³¹®Á¶»ç ÇıÅÃ,0
¹ÂÁöÄÃ Àü°ü - Google °Ë»ö,0
¹ÂÁöÄÃ Àü°üÀÌ ¹«½¼ ¸»ÀÌ³Ä? - DogDrip.Net °³µå¸³,0
¾ÆÀÌµğ ºñ¹Ğ¹øÈ£ Ã£±â,0
Ä«Ä«¿À°èÁ¤À¸·Î °£Æí°¡ÀÔ,0
ÀÎÅÍÆÄÅ© È¸¿ø°¡ÀÔ,0
¹ÂÁöÄÃ - ÀÎÅÍÆÄÅ©,0
Æ¼¸ó - Google °Ë»ö,0
"»ç´Â Àç¹ÌÀÇ ¹ß°ß, Æ¼¸ó",0
"¹ÂÁöÄÃ : »ç´Â Àç¹ÌÀÇ ¹ß°ß, Æ¼¸ó",0
[¿À´ÃÀÇÄÃÃÄ] ¹ÂÁöÄÃ ÁöÅ³¾ØÇÏÀÌµå - 10/19 ~ 31È¸Â÷ (ÁÂ¼®ÁöÁ¤) - Æ¼¸ó,0
¿µÈ­Ã³·³ »ı»ıÇÑ ¹«´ë [½Ã°£À» ÆÄ´Â »óÁ¡] - Æ¼¸ó,0
[¿À´ÃÀÇÄÃÃÄ] ¹ÂÁöÄÃ ºô¸® ¿¤¸®¾îÆ® THE MUSICAL BILLY ELLIOT - Æ¼¸ó,0
¶óÀÌ¼±½º - Æ¼¸ó,0
[¿À´ÃÀÇÄÃÃÄ] ¹ÂÁöÄÃ ¸Ş¸®¼Ğ¸® - Æ¼¸ó,0
¿À¸®Áö³Î¡¤³»ÇÑ°ø¿¬ - Æ¼¸ó,0
Ã¢ÀÛ¹ÂÁöÄÃ - Æ¼¸ó,0
[¿À´ÃÀÇÄÃÃÄ] ¹ÂÁöÄÃ °³¿Í °í¾çÀÌÀÇ ½Ã°£ - ´ëÇĞ·Î - Æ¼¸ó,0
Ã¢ÀÛ¹ÂÁöÄÃ - ¹ÂÁöÄÃ - ÀÎÅÍÆÄÅ©,0
¿À¸®Áö³Î/³»ÇÑ - ¹ÂÁöÄÃ - ÀÎÅÍÆÄÅ©,0
¹ÂÁöÄÃ »¡·¡ - ÀÌÃµ,0
ÄÜ¼­Æ® - ÀÎÅÍÆÄÅ©,0
¹ß¶óµå - ÄÜ¼­Æ® - ÀÎÅÍÆÄÅ©,0
£Û 2021 Theatre ÀÌ¹®¼¼ £İ- °í¾ç,0
£Û 2021 Theatre ÀÌ¹®¼¼ £İ- °í¾ç - ÀÎÅÍÆÄÅ©,0
¾ß±¸ - ½ºÆ÷Ã÷ - ÀÎÅÍÆÄÅ©,0
Àü½Ã/Çà»ç - ÀÎÅÍÆÄÅ©,0
Àü½Ã - Àü½Ã/Çà»ç - ÀÎÅÍÆÄÅ©,0
Æ®¶ó¿ì¸¶£ºÇ½¸®Ã³»ó »çÁøÀü£¦15ºĞ - ´ëÀü,0
Æ®¶ó¿ì¸¶£ºÇ½¸®Ã³»ó »çÁøÀü£¦15ºĞ - ´ëÀü - ÀÎÅÍÆÄÅ©,0
Æ¼ÄÏ- ÀÎÅÍÆÄÅ©,0
(292) ÁöÅ³¾ØÇÏÀÌµå - YouTube,0
(292) ´ëÇĞ·Î °ø¿¬ - YouTube,0
"(292) [] ¹ö½ºÅ· 1¼¼´ë À±È¿»ó´ÔÀÌ È­³½ ÀÌÀ¯? (´ëÇĞ·Î, ¿©ÀÇµµ, °¨ÃÊ, ¹ö½ºÄ¿, °Å¸®°ø¿¬) - YouTube",0
(292) ´ëÇĞ·Î ¹ÂÁöÄÃ - YouTube,0
(292) [4K] 210920 À£ÄÄ´ëÇĞ·Î ¹ÂÁöÄÃ ÇØÀû ½ºÆä¼È Ä¿Æ°Äİ 'ÇØÀûÀÇ È²±İ½Ã´ë' (±è·Á¿ø&±èÀÌÈÄ ±³Â÷ÆíÁı ver) - YouTube,0
(292) ½Ãº£¸®¾Æ È¾´Ü¿­Â÷ 1µî±Ş - YouTube,0
(292) ½Ãº£¸®¾Æ È¾´Ü¿­Â÷ 'ÀÏµî¼® vs 3µî¼® ºñ±³ºĞ¼®'(°¡°İ/»ş¿ö½Ã¼³/¿©ÇàÆÁ ÃÑÁıÇÕ) - YouTube,0
·çºí - Google °Ë»ö,0
(292) ½Ãº£¸®¾Æ È¾´Ü¿­Â÷ 2µî±Ş - YouTube,0
"(292) ½Ãº£¸®¾Æ È¾´Ü¿­Â÷ 2µîÄ­, ½Ãº£¸®¾Æ ¼±¹ß´ë°¡ ¾Ë·ÁÁÖÁö ¾Ê´Â ¸ğ½Àµé [2019 Russia] - YouTube",0
(292) ÃÖ°í±Ş ½Ãº£¸®¾Æ È¾´Ü¿­Â÷ 2µî¼® ÈÄ±â - ¼¼°è¿©Çà(9) - YouTube,0
³×ÀÌ¹ö ¸¸È­,0
³×ÀÌ¹ö ¸¸È­ > ¿äÀÏº° À¥Å÷ > ÀüÃ¼À¥Å÷,0
¸Á³ª´Ï ¼Ò±³ÁÖ·Î È¯»ıÇß´Ù :: ³×ÀÌ¹ö ¸¸È­,0
contents.kocw.or.kr/KOCW/document/2014/gacheon/kimheeeun1/7.pdf,0
±¸°­ÇØºÎÇĞ - °¡Ãµ´ëÇĞ±³ | KOCW °ø°³ °­ÀÇ,1
¿¬¼¼´ëÇĞ±³ Ä¡°ú´ëÇĞ ¿¹¹æÄ¡°úÇĞ±³½Ç,1
https://search.naver.com/search.naver?where=nexearch&sm=top_hty&fbm=0&ie=utf8&query=´Ã¾î¶¯ÀÌ,0
´Ã¾î¶¯ÀÌ : ³×ÀÌ¹ö ÅëÇÕ°Ë»ö,0
°ñÆĞ - ³ª¹«À§Å°,0
https://search.naver.com/search.naver?sm=tab_sug.top&where=nexearch&query=ÅõÀü&oquery=´Ã¾î¶¯ÀÌ&tqi=hR8Qysp0J1sssadhVLCssssstbG-340938&acq=ÅõÀü&acr=4&qdt=0,0
ÅõÀü : ³×ÀÌ¹ö ÅëÇÕ°Ë»ö,0
ÅõÀü,0
±¤¸¶È¸±Í :: ³×ÀÌ¹ö ¸¸È­,0
È­»ê±ÍÈ¯ :: ³×ÀÌ¹ö ¸¸È­,0
¸»³â¿ë»ç :: ³×ÀÌ¹ö ¸¸È­,0
ÀÏ·º½Ãµå :: ³×ÀÌ¹ö ¸¸È­,0
°í»ï¹«½Ö :: ³×ÀÌ¹ö ¸¸È­,0
»ç»óÃÖ°­ :: ³×ÀÌ¹ö ¸¸È­,0
¤Ì¤½¤±¤§¤¡.Ã¤¤Ñ - Google °Ë»ö,0
µğµ¥ÀÌ °è»ê±â : ³×ÀÌ¹ö ÅëÇÕ°Ë»ö,0
Å×Å©ÇÃ·¯½º : ³×ÀÌ¹ö ºí·Î±×,0
"¿Ïº»Ã¼¿Í Á¶¸³ PCÀÇ ÀåÁ¡¸¸ ´ã¾Ò´Ù, HP ¿À.. : ³×ÀÌ¹öºí·Î±×",0
hp ¿À¸à 30l - Google °Ë»ö,0
ÄíÆÎ! - hp¿À¸à 30l,0
ÄíÆÎ!,0
ÄíÆÎ! | HP OMEN 30L °ÔÀÌ¹Ö µ¥½ºÅ©Å¾ GT13-0849KR (i7-10700KF),0
"·¹³ë¹ö ¸®Àü °ÔÀÌ¹Ö PC, µ¥½ºÅ©Å¾, ¾×¼¼¼­¸®µî °­·ÂÇÑ ÆÛÆ÷¸Õ½º¿Í ¼¼·ÃµÈ ¿Ü°üÀ¸·Î °ÔÀÓÇÃ·¹ÀÌ¿¡¼­ ½Â¸®ÇÏ¼¼¿ä | Lenovo ÄÚ¸®¾Æ",0
°ÔÀÌ¹Ö ³ëÆ®ºÏ | °ÔÀÌ¹Ö ³ëÆ®ºÏ ÃßÃµ | Lenovo ÄÚ¸®¾Æ,0
Lenovo µ¥½ºÅ©Å¾ ÄÄÇ»ÅÍµé | µ¥½ºÅ©Å¾ PC ¹× ¿ÃÀÎ¿ø | Lenovo ÄÚ¸®¾Æ,0
hp - Google °Ë»ö,0
"°¡Á¤¿ë, ºñÁî´Ï½º¿ë ¹× °ÔÀÓ¿ë HP µ¥½ºÅ©Å¾ PC | HPÄÚ¸®¾Æ",0
OMEN 30L GT13-1000kr °ÔÀÌ¹Ö µ¥½ºÅ©Å¾ #Æ¼¼ÅÃ÷ ÁõÁ¤ | HPÄÚ¸®¾Æ,0
ddr5 - Google °Ë»ö,0
"Â÷¼¼´ë D·¥ 'DDR5' ¼¼´ë±³Ã¼, ¾ğÁ¦ ÀÏ¾î³¯±î - Byline Network",0
"1³â¹İµÚ DDR5°¡ »ó¿ëÈ­µÇ°í ³­µÚ »óÈ²~! > CPU,MB,RAM | Äğ¿£Á¶ÀÌ",0
±×·¡ÇÈÄ«µå ddr6 - Google °Ë»ö,0
https://quasarzone.com/bbs/qf_cmr/views/402475,0
±×·¡ÇÈÄ«µå´Â ddr6 ÀÎµ¥ ¿Ö µ¥½ºÅ©Å¾ ¸Ş¸ğ¸®´Â ddr4ÀÎ°¡¿ä? > CPU/¸ŞÀÎº¸µå/·¥ | ÄùÀÌ»çÁ¸,0
DDR°ú GDDRÀº ¹«¾ùÀÌ ´Ù¸¥°¡? : ³×ÀÌ¹ö ºí·Î±×,0
È²±İ¹ë·±½º °İÅõ°ÔÀÓ!? ¾î¸ù¾î½º ¾Æ·¹³ª : ³×ÀÌ¹ö Æ÷½ºÆ®,0
https://search.naver.com/search.naver?where=nexearch&sm=top_hty&fbm=1&ie=utf8&query=±×·¡ÇÈÄ«µå,0
±×·¡ÇÈÄ«µå : ³×ÀÌ¹ö ÅëÇÕ°Ë»ö,0
https://search.naver.com/search.naver?sm=tab_hty.top&where=nexearch&query=±×·¡ÇÈÄ«µå+40½Ã¸®Áî&oquery=±×·¡ÇÈÄ«µå&tqi=hSuu0sp0YiRssK1msr4ssssstw0-516691,0
±×·¡ÇÈÄ«µå 40½Ã¸®Áî : ³×ÀÌ¹ö ÅëÇÕ°Ë»ö,0
±×·¡ÇÈÄ«µå 40½Ã¸®Áî´Â ¾ğÁ¦ Ãâ½Ã µÇ³ª¿ä? : Áö½ÄiN,0
RTX 40 ½Ã¸®Áî Ãâ½Ã ¶§ : Áö½ÄiN,0
(293) ·¯½Ã¾Æ ¿©Çà - YouTube,0
ÀÌ·ç : ³×ÀÌ¹ö ÅëÇÕ°Ë»ö,0
ÀÌ·ç(°¡¼ö) - ³ª¹«À§Å°,0
(293) ÀÏº» ¿©Çà - YouTube,0
(293) [4K]ÀÏº» ½ÃºÎ¾ß¿¡ ¹ã¸¸µÇ¸é ÇÏ³ªµÑ ¸ğÀÌ´Â ÀÌ°÷.. - YouTube,0
(293) Àü ¾ÈÇÏ°Ú½À´Ï´Ù - YouTube,0
(293) ºüÄ£ÄÚ - YouTube,0
(293) ÆÄÄ£ÄÚ - YouTube,0
(293) [ÆÄÄ£ÄÚ] ÀÏº»ÇÑ°ÔÀÓ ÇØ¹°¾î (Á¤¾ÈÅ¸20.8.1 ) - YouTube,0
(293) [ÀÏº»»ıÈ°vlog] ÆÄÄªÄÚ 500¿£ ¸¸¿¡ ´ë¹Ú - YouTube,0
(293) ÆÄÄªÄÚ Ãµ¿£¸¸ ÇØºÃ´Ù°¡ ÀèÆÌ 6¹è - YouTube,0
"Yahoo Finance - Stock Market Live, Quotes, Business & Finance News",0
(13) [ENG] [SMTM10] ÇÁ·Îµà¼­ 8ÀÎÀÇ ¿ª»çÀûÀÎ Ã¹ ¸¸³²¤Ó10/1(±İ) ¹ã 11½Ã Ã¹ ¹æ¼Û - YouTube,1
(13) YouTube,0
(13) Áß±¹ ½Ä´ç»çÀå´ÔÀÌ 22Á¶ ¹İµµÃ¼È¸»çÀÇ »çÀåÀÌ µÈ ÀÌ¾ß±â - YouTube,1
finviz - Google °Ë»ö,0
FINVIZ.com - Stock Screener,0
ASML ASML Holding N.V. Stock Quote,0
TSMC Stock Quote,0
Search,0
TSM Taiwan Semiconductor Manufacturing Company Limited Stock Quote,0
QCXOM Stock Quote,0
"OM Outset Medical, Inc. Stock Quote",0
QCOM QUALCOMM Incorporated Stock Quote,0
"MU Micron Technology, Inc. Stock Quote",0
MA Mastercard Incorporated Stock Quote,0
"PINS Pinterest, Inc. Stock Quote",0
"COIN Coinbase Global, Inc. Stock Quote",0
"ZM Zoom Video Communications, Inc. Stock Quote",0
"UBER Uber Technologies, Inc. Stock Quote",0
DIS The Walt Disney Company Stock Quote,0
¿ÀÂ¡¾î°ÔÀÓ È¸»ç - Google °Ë»ö,0
¿ÀÂ¡¾î °ÔÀÓ °ü·ÃÁÖ ¹öÅ¶½ºÆ©µğ¿À OTT ½ÃÀå¿¡¼­ µÎ°¢ | ÇÑ°æ´åÄÄ,0
https://search.naver.com/search.naver?where=nexearch&sm=top_sug.pre&fbm=1&acr=1&acq=¹öÅ¶½º&qdt=0&ie=utf8&query=¹öÅ¶½ºÆ©µğ¿À,0
¹öÅ¶½ºÆ©µğ¿À : ³×ÀÌ¹ö ÅëÇÕ°Ë»ö,0
T AT&T Inc. Stock Quote,0
"ROKU Roku, Inc. Stock Quote",0
"TDOC Teladoc Health, Inc. Stock Quote",0
(13) ¹Ì±¹°³¹ÌµéÀÌ Á¶Á¤ ¶§¸¶´Ù »ç´Â ÁÖ½Ä/Å×½½¶ó 3´ë ÁÖÁÖ °ø°³/¿ù¹è´çÁÖ ¸®¾óÆ¼ÀÎÄÄ ÀÌ¾ß±â - YouTube,0
Here's the Most Important Trend Investors Are Ignoring | The Motley Fool,0
fertility ¶æ - Google °Ë»ö,0
yahoo finance - Google °Ë»ö,0
"Teladoc Health, Inc. (TDOC) Stock Price, News, Quote & History - Yahoo Finance",0
"Teladoc Health, Inc. (TDOC) Stock Forum & Discussion - Yahoo Finance",0
"TDOC 134.90 -3.90 -2.81% : Teladoc Health, Inc. - Yahoo Finance",0
(13) Justin Bieber - Off My Face (Live from Paris) - YouTube,0
My Top 7 Stocks to Buy in September's Stock Market Sell-Off,0
My Top 7 Stocks to Buy in September's Stock Market Sell-Off | The Motley Fool,0
SPOT Spotify Technology S.A. Stock Quote,0
"Coinbase Global, Inc. (COIN) Stock Price, News, Quote & History - Yahoo Finance",0
"COIN 231.82 -5.68 -2.39% : Coinbase Global, Inc. - Yahoo Finance",0
"Pinterest, Inc. (PINS) Stock Price, News, Quote & History - Yahoo Finance",0
"Pinterest, Inc. (PINS) Stock Forum & Discussion - Yahoo Finance",0
"PINS 54.20 0.18 0.33% : Pinterest, Inc. - Yahoo Finance",0
"Zoom Video Communications, Inc. (ZM) Stock Price, News, Quote & History - Yahoo Finance",0
"ZM 272.36 -3.83 -1.39% : Zoom Video Communications, Inc. - Yahoo Finance",0
"QUALCOMM Incorporated (QCOM) Stock Price, News, Quote & History - Yahoo Finance",0
QUALCOMM Incorporated (QCOM) Stock Forum & Discussion - Yahoo Finance,0
QCOM 133.88 -0.03 -0.02% : QUALCOMM Incorporated - Yahoo Finance,0
"Opendoor Technologies Inc (OPEN) Stock Price, News, Quote & History - Yahoo Finance",0
Opendoor Technologies Inc (OPEN) Stock Forum & Discussion - Yahoo Finance,0
OPEN 20.35 0.36 1.80% : Opendoor Technologies Inc. - Yahoo Finance,0
OPEN Opendoor Technologies Inc. Stock Quote,0
"Plug Power, Inc. (PLUG) Stock Price, News, Quote & History - Yahoo Finance",0
PLUG 26.97 -0.80 -2.88% : Plug Power Inc. - Yahoo Finance,0
"Plug Power, Inc. (PLUG) Stock Forum & Discussion - Yahoo Finance",0
"SoFi Technologies, Inc. (SOFI) Stock Price, News, Quote & History - Yahoo Finance",0
"SoFi Stock Could Hit $28, Says Analyst",0
"SOFI 17.64 0.50 2.92% : SoFi Technologies, Inc. - Yahoo Finance",0
"SoFi Technologies, Inc. (SOFI) Stock Forum & Discussion - Yahoo Finance",0
bank charter - Google °Ë»ö,0
"Spotify Technology S.A. (SPOT) Stock Price, News, Quote & History - Yahoo Finance",0
10 Large-Cap Stocks to Buy According to Anand Parekh¡¯s Alyeska Investment Group,0
"ATVI Activision Blizzard, Inc. Stock Quote",0
SPOT 230.20 -4.66 -1.98% : Spotify Technology S.A. - Yahoo Finance,0
(13) Giveon Playlist (songs you need to hear) - YouTube,0
Spotify Technology S.A. (SPOT) Stock Forum & Discussion - Yahoo Finance,0
"Uber Technologies, Inc. (UBER) Stock Price, News, Quote & History - Yahoo Finance",0
"UBER 46.63 1.15 2.53% : Uber Technologies, Inc. - Yahoo Finance",0
(13) White Ferrari - Frank Ocean | (music video) - YouTube,0
marketwatch - Google °Ë»ö,0
MarketWatch: Stock Market News - Financial News - MarketWatch,0
"Opinion: When the stock market pulls back, keep buying  especially these five companies - MarketWatch",0
Opinion: These stock trading signs can tell you when the market is overbought or oversold - MarketWatch,0
SPX Stock Quote,0
SPXL Direxion Daily S&P500 Bull 3X Shares Stock Quote,0
SPXC SPX Corporation Stock Quote,0
spxc - Google °Ë»ö,0
SPXX Nuveen S&P 500 Dynamic Overwrite Fund Stock Quote,0
SPXU ProShares UltraPro Short S&P500 Stock Quote,0
SPXB ProShares S&P 500 Bond ETF Stock Quote,0
SPXS Direxion Daily S&P 500 Bear 3X Shares Stock Quote,0
SPXE ProShares S&P 500 ex-Energy ETF Stock Quote,0
PZIR Stock Quote,0
È­ÀÌÀÚ - Google °Ë»ö,0
https://finviz.com/quote.ashx?t=¤Ä¤§¤§,0
¤Ä¤§¤§ Stock Quote,0
PEE Stock Quote,0
È­ÀÌÀÚ ÁÖ°¡ - Google °Ë»ö,0
PFE Pfizer Inc. Stock Quote,0
Latest News - News Viewer - MarketWatch,0
Tesla¡¯s Stock Is on the Move Again. 3 Things to Drive It Higher. - MarketWatch,0
GM General Motors Company Stock Quote,0
Two Energy Stocks Saw Huge Insider Buys - MarketWatch,0
QQQ Invesco QQQ Trust Stock Quote,0
Healthcare is still ¡®stuck in a world of white coats¡¯: 23andMe CEO,0
TQQQ ProShares UltraPro QQQ Stock Quote,0
Opinion: ¡®Buy the dip¡¯ is a horrible stock-market strategy  and these charts prove it - MarketWatch,0
MSFT Microsoft Corporation Stock Quote,0
fb stock - Google °Ë»ö,0
"Facebook, Inc. (FB) Stock Price, News, Quote & History - Yahoo Finance",0
"Facebook, Inc. (FB) Stock Forum & Discussion - Yahoo Finance",0
"FB 352.96 7.00 2.02% : Facebook, Inc. - Yahoo Finance",0
moral hazard ¶æ - Google °Ë»ö,0
"LMND Lemonade, Inc. Stock Quote",0
3 Top Artificial Intelligence Stocks to Buy in September | The Motley Fool,0
cnv - Google °Ë»ö,0
cnbc - Google °Ë»ö,0
"International Business, World News & Global Stock Market Analysis",0
(13) [DJÆ¼ºñ¾¾] ±èÇÊ - ³Ê¹« ¾ÆÇÂ »ç¶ûÀº »ç¶ûÀÌ ¾Æ´Ï¾úÀ½À» ¢İ #ºñ±ä¾î°ÔÀÎ3 #DJÆ¼ºñ¾¾ - YouTube,0
(13)  Disrupting Wall Street: Chamath & ARK Invest Bet BIG on the Future of Investing and YOU (Ep 7) - YouTube,0
"SPCE Virgin Galactic Holdings, Inc. Stock Quote",0
https://www.google.com/search?q=spce+stock&oq=spce+stock&aqs=chrome..69i57l2j69i60j69i61j69i60l3.1351j0j4&sourceid=chrome&ie=UTF-8,0
spce stock - Google °Ë»ö,0
work stock - Google °Ë»ö,0
"CRM salesforce.com, inc. Stock Quote",0
crm stokc - Google °Ë»ö,0
WORK Stock Quote,0
SLACK Stock Quote,0
https://www.google.com/search?q=work+stokc&oq=work+stokc&aqs=chrome..69i57j0i13l9.1191j0j9&sourceid=chrome&ie=UTF-8,0
work stokc - Google °Ë»ö,0
(13) cathie wood interview - YouTube,0
(13) cathie wood interview tdoc - YouTube,0
(13) Can Teladoc Become the Tesla of Genomics? w/ ARK¡¯s Brett Winton (Ep. 337) - YouTube,0
"HIMS Hims & Hers Health, Inc. Stock Quote",0
(13) Teladoc CEO on Q4 results and 2021 growth forecast for telehealth business - YouTube,0
(13) tdoc stock - YouTube,0
(13) ¿ÀÂ¡¾î °ÔÀÓ | Á¦ÀÛ±â ¿µ»ó | ³İÇÃ¸¯½º - YouTube,0
(13) Å×½½¶ó ¿À´Ã '¿ÀÇÂº£Å¸' ½ÃÀÛÇÑ´Ù! / °æÂûÀÌ º¸¿©ÁÖ´Â Å×½½¶ó ¿ÀÅäÆÄÀÏ·µ »ç°í¿µ»ó? - YouTube,0
Google °èÁ¤,0
µ¥ÀÌÅÍ ¼ø¼­¼®±â - Google °Ë»ö,1
[python] »ç¿ëÀÚ µ¥ÀÌÅÍ¼Â ¼ÅÇÃ,1
current_tab_ctypes.py (Index) - AI_NoYoutube_60Duo [Codespaces] - Visual Studio Code - Codespaces,1
AI_NoYoutube_60Duo/current_tab_ctypes.py at main ¡¤ osamhack2021/AI_NoYoutube_60Duo,1
µ¥ÀÌÅÍ¼Â ¼ÅÇÃ - Google °Ë»ö,1
"R, Python ºĞ¼®°ú ÇÁ·Î±×·¡¹ÖÀÇ Ä£±¸ (by R Friend) :: [Python numpy] Train, Test µ¥ÀÌÅÍ¼Â ºĞÇÒÇÏ±â (split train and test set)",1
"only integers, slices (`:`), ellipsis (`...`), numpy.newaxis (`None`) and integer or boolean arrays are valid indices - Google °Ë»ö",1
"python - only integers, slices (`:`), ellipsis (`...`), numpy.newaxis (`None`) and integer or boolean arrays are valid indices - Stack Overflow",1
"ÆÄÀÌ½ã - Á¤¼ö, Á¶°¢(`:`), ÁÙÀÓÇ¥(`...`), numpy.newaxis(`¾øÀ½`) ¹× Á¤¼ö ¶Ç´Â ºÎ¿ï ¹è¿­¸¸ À¯È¿ÇÑ ÀÎµ¦½ºÀÔ´Ï´Ù.",1
sklearn µ¥ÀÌÅÍ ¼ÅÇÃ - Google °Ë»ö,1
train_test_split ¸ğµâÀ» È°¿ëÇÏ¿© ÇĞ½À°ú Å×½ºÆ® ¼¼Æ® ºĞ¸®,1
ÆÄÀÌ½ã µ¥ÀÌÅÍ¼Â ¼ÅÇÃ - Google °Ë»ö,1
RNN ÅØ½ºÆ®ºĞ·ù - Google °Ë»ö,1
Codespaces,1
GitHub web editor,1
current_tab_ctypes.py (Index) - AI_NoYoutube_60Duo - Visual Studio Code,1
hello.py - AI_NoYoutube_60Duo [Codespaces] - Visual Studio Code - Codespaces,1
ML_1.py - AI_NoYoutube_60Duo [Codespaces] - Visual Studio Code - Codespaces,1
ML_1.py (Untracked) - AI_NoYoutube_60Duo [Codespaces] - Visual Studio Code - Codespaces,1
Come As You Are - YouTube Music,0
Finviz,0
Google,0
(0% - 0/1°³ ¾÷·Îµå Áß),0
µ¥ÀÌÅÍ¼Â ºĞ·ù - Google °Ë»ö,1
Ã¹ ¹øÂ° ½Å°æ¸Á ÈÆ·ÃÇÏ±â: ±âÃÊÀûÀÎ ºĞ·ù ¹®Á¦ | TensorFlow Core,1
random_state - Google °Ë»ö,1
python 3.x - scikit learnÀÇ train_test_split () ¸Ş¼Òµå,1
ÀÌ ½Ã±¹¿¡ °³ÀÎ±³½À - Åõ¹Í½º,0
shuffle()¿¡¼­ buffer_sizeÀÇ Áß¿ä¼º - helloyjam¡¯s blog,1
Train_test_split shuffle,1
Train_test_split shuffle - Google °Ë»ö,1
stratify - Google °Ë»ö,1
ÆÄÀÌ½ã stratify - Google °Ë»ö,1
°­ÀÇ 01 train_test_splitÀ¸·Î µ¥ÀÌÅÍ ³ª´©±â (stratify=y_data ¿É¼Ç) - Åä´ÚÅä´Ú ÆÄÀÌ½ã - ¸Ó½Å·¯´×,1
https://rfriend.tistory.com/520,0
"R, Python ºĞ¼®°ú ÇÁ·Î±×·¡¹ÖÀÇ Ä£±¸ (by R Friend) :: [Python] ÃşÈ­ ¹«ÀÛÀ§ ÃßÃâÀ» ÅëÇÑ train set, test set ºĞÇÒ (Train, Test set Split by Stratified Random Sampling in Python)",1
python - train_test_split¿¡¼­ 'stratify'¸¦ »ç¿ëÇØµµ Â÷ÀÌ°¡ ¾ø½À´Ï´Ù ¹«¾ùÀ» À§ÇØ »ç¿ëµË´Ï±î?,1
"Embedding(vocab_size, 32 - Google °Ë»ö",1
06) ÄÉ¶ó½º(Keras) ÈÈ¾îº¸±â - µö ·¯´×À» ÀÌ¿ëÇÑ ÀÚ¿¬¾î Ã³¸® ÀÔ¹®,1
Embedding ÀÌ¶õ ¹«¾ùÀÎ°¡ ÀÌÇØÇÏ±â,1
¼ÒÄÏÀ¸·Î ÅØ½ºÆ® Àü¼Û - Google °Ë»ö,1
ÆÄÀÌ½ã ¼ÒÄÏÀ¸·Î ÅØ½ºÆ® Àü¼Û - Google °Ë»ö,1
https://proni.tistory.com/entry/-Python-socket-¿¬°á-¹®ÀÚ¿­-Àü¼Û,1
[network] ÆÄÀÌ½ã ¼ÒÄÏ Åë½Å : ³×ÀÌ¹ö ºí·Î±×,1
¸í¿ù ÀÏÁö :: [Python] Socket Åë½Å,1
ÆÄÀÌ½ã ¼ÒÄÏ¼­¹ö - Google °Ë»ö,1
ÆÄÀÌ½ã ¼ÒÄÏ ÇÁ·Î±×·¡¹Ö - Å¬¶óÀÌ¾ğÆ® / ¼­¹ö ¿¹Á¦ - ¸ØÃãº¸´Ü ÃµÃµÈ÷¶óµµ,1
127.0.0.1,0
¼ÒÄÏ¼­¹ö Á¢¼Ó - Google °Ë»ö,1
[2Àå] 1. TCP/IP - ¼ÒÄÏÀ» ÀÛ¼ºÇÏ°í ¼­¹ö¿¡ Á¢¼ÓÇÑ´Ù.,1
TCP ¼ÒÄÏ ¼­¹ö/Å¬¶óÀÌ¾ğÆ® ±¸Çö - ±âÃÊ °³³ä ´ÙÁö±â,1
https://kimhyun2017.tistory.com/69,0
(2) ¿¬°áÀ» ¿äÃ»ÇÏ´Â ¼ÒÄÏÀÇ ±¸Çö(Å¬¶óÀÌ¾ğÆ® ¼ÒÄÏ) ¹× ¼­¹ö Á¢¼Ó,1
[±âº»] ¼ÒÄÏ(SOCKET)Åë½Å ÀÌ¶õ?,1
ConnectionRefusedError: [Errno 111] Connection refused - Google °Ë»ö,1
ÆÄÀÌ½ã Python 2.7 : socket.error ¿À·ù [Errno 111]-¿¬°áÀÌ °ÅºÎµÇ¾ú½À´Ï´Ù.,1
Python 2.7 : socket.error error [Errno 111] - connection refused - Stack Overflow,1
Python 2.7 : socket.error ¿À·ù [Errno 111] - ¿¬°áÀÌ °ÅºÎµÇ¾ú½À´Ï´Ù.,1
OSError: [Errno 113] No route to host - Google °Ë»ö,1
socket error(113)!(113:No route to host) ¿¡·¯ ¹ß»ı½Ã : ³×ÀÌ¹ö ºí·Î±×,1
Python 2.7 [Errno 113] No route to host - Stack Overflow,1
Python 2.7 [Errno 113] È£½ºÆ® °æ·Î°¡ ¾ø½À´Ï´Ù.,1
test ¡¤ osamhack2021/AI_NoYoutube_60Duo@11e7c57,1
AI_NoYoutube_60Duo/web at main ¡¤ osamhack2021/AI_NoYoutube_60Duo,1
AI_NoYoutube_60Duo/Server_html at main ¡¤ osamhack2021/AI_NoYoutube_60Duo,1
AI_NoYoutube_60Duo/server_1.py at main ¡¤ osamhack2021/AI_NoYoutube_60Duo,1
557c-35-194-29-16.ngrok.io,0
¼­¹ö¿¡ ÅØ½ºÆ® Àü¼Û - Google °Ë»ö,1
https://hianna.tistory.com/305,0
[HTML] ÀÔ·Â¹ŞÀº µ¥ÀÌÅÍ ¼­¹ö·Î Àü¼ÛÇÏ±â - submit - ¾îÁ¦ ¿À´Ã ³»ÀÏ,1
ÆÄÀÌ½ã ¼­¹ö¿¡ ÅØ½ºÆ® Àü¼Û - Google °Ë»ö,1
ÆÄÀÌ½ã¿¡¼­ ¼­¹ö·Î µ¥ÀÌÅÍ Àü¼Û(post ¹æ½Ä),1
pythonÀ» ÀÌ¿ëÇÑ ÆÄÀÏ ¼Û¼ö½Å ÇÁ·Î±×·¥,1
¼ÒÄÏÅë½ÅÀ¸·Î ½Ç½Ã°£ ¸Ş¸ğÀå µ¥ÀÌÅÍ º¸³»±â (python),1
18 # ¸Ş½ÃÁö¸¦ Àü¼ÛÇÕ´Ï´Ù. OSError: [Errno 113] No route to host - Google °Ë»ö,1
python - How to avoid this socket.error: [Errno 113] No route to host? - Stack Overflow,1
socket.error: [Errno 113] No route to host (Adding... - Cloudera Community - 34423,1
ÇÃ¶ó½ºÅ©¼­¹ö ÅØ½ºÆ® Àü¼Û - Google °Ë»ö,1
ÆÄÀÌ½ã ½Ç½Ã°£ ÅØ½ºÆ® Àü¼Û - Google °Ë»ö,1
PythonÀ¸·Î ½Ç½Ã°£ ·Î±× ÆÄÀÏ ¸ğ´ÏÅÍ¸µ ÄÚµå ±¸Çö,1
ÆÄÀÌ½ã ¾ç¹æÇâ Åë½Å - Google °Ë»ö,1
ÆÄÀÌ½ã ¾ç¹æÇâ Åë½Å,1
python - ¼ÒÄÏ : ÆÄÀÌ½ãÀÇ ¾ç¹æÇâ Åë½Å - IT Åø ³İ,1
Python Ã¤ÆÃ ÇÁ·Î±×·¥ ¸¸µé±â :: 1D1C,1
ÆÄÀÌ½ã ¼ÒÄÏ Åë½Å - kwon | kwon's Blog,1
AI_NoYoutube_60Duo - Visual Studio Code,1
AI_NoYoutube_60Duo [Codespaces] - Visual Studio Code - Codespaces,1
[Preview] readme.md - AI_NoYoutube_60Duo [Codespaces] - Visual Studio Code - Codespaces,1
test_1.py - AI_NoYoutube_60Duo [Codespaces] - Visual Studio Code - Codespaces,1
ÆÄÀÌ½ã ¸ğ´ÏÅÍ¸µ ¼­¹ö - Google °Ë»ö,1
¼­¹ö ¸ğ´ÏÅÍ¸µ | ¿ÍÅÇ,1
"Python°ú Django ±â¹İÀÇ ¸ğ´ÏÅÍ¸µ ½Ã½ºÅÛ, Hubblemon",1
[Python] ¸ğ´ÏÅÍ¸µ ±¸ÇöÀ» À§ÇÑ ¼ÒÄÏÅë½Å,1
±¸±Û - Google °Ë»ö,0
Google Docs,0
Á¦¸ñ ¾ø´Â ¹®¼­ - Google Docs,0
Google Drive,0
³» µå¶óÀÌºê - Google Drive,0
ÄÚµù Å×½ºÆ® - Google Drive,1
Google ¹®¼­,0
´Ù¿î·Îµå - Google Docs,0
ÆÄÀÌ½ã ¸ğ´ÏÅÍ¸µ ÇÁ·Î±×·¥ - Google °Ë»ö,1
ÆÄÀÌ½ã ¸ğ´ÏÅÍ¸µ ÇÁ·Î±×·¥,1
ÆÄÀÌ½ã ½Ç½Ã°£ ¸ğ´ÏÅÍ¸µ - Google °Ë»ö,1
ÆÄÀÌ½ã ½Ç½Ã°£ ¸ğ´ÏÅÍ¸µ,1
ÆÄÀÌ½ã À¥ ¸ğ´ÏÅÍ¸µ,1
Python ¾ÖÇÃ¸®ÄÉÀÌ¼Ç ¸ğ´ÏÅÍ¸µ | ¿ÍÅÇ,1
ÆÄÀÌ½ã À¥ ¸ğ´ÏÅÍ¸µ - Google °Ë»ö,1
ÆÄÀÌ½ã ¸ğ´ÏÅÍ¸µ »çÀÌÆ® ¸¸µé±â - Google °Ë»ö,1
python dashboard ¸¸µé±â : ³×ÀÌ¹ö ºí·Î±×,1
Build a web data dashboard in just minutes with Python | by JP Hwang | Towards Data Science,1
Part 2. Layout | Dash for Python Documentation | Plotly,1
ÆÄÀÌ½ã ¸ğ´ÏÅÍ¸µ ¼ÒÄÏ - Google °Ë»ö,1
[Python] Port monitoring using socket module System Admin,1
ÆÄÀÌ½ã ¼ÒÄÏ ÇÁ·Î±×·¡¹Ö (Python Socket Programming),1
È¸Â÷º° ´çÃ·¹øÈ£ < ·Î¶Ç6/45 < ´çÃ·°á°ú | µ¿Çàº¹±Ç,0
³»¹øÈ£ ´çÃ·È®ÀÎ < ·Î¶Ç6/45 < ´çÃ·°á°ú | µ¿Çàº¹±Ç,0
´çÃ·³»¿ª < ·Î¶Ç6/45 < ´çÃ·°á°ú | µ¿Çàº¹±Ç,0
¸¶ÀÌÆäÀÌÁö È¨ < ¸¶ÀÌÆäÀÌÁö | µ¿Çàº¹±Ç,0
±¸¸Å´çÃ·³»¿ª < ±¸¸Å/´çÃ· < ¸¶ÀÌÆäÀÌÁö | µ¿Çàº¹±Ç,0
Untitled0.ipynb - Colaboratory,0
Lotto.ipynb - Colaboratory,0
flatten - Google °Ë»ö,1
sort - Google °Ë»ö,1
sort() - Google °Ë»ö,1
[Python] sort()¿Í sorted()·Î Á¤·ÄÇÏ±â  nc2u ºí·Î±×,1
ÆÄÀÌ½ã not in - Google °Ë»ö,1
"[Python] Æ÷ÇÔ(Containment) ¿¬»êÀÚ in, not in System Admin",1
¸®½ºÆ® Á¤·É - Google °Ë»ö,1
¸®½ºÆ® Á¤·Ä - Google °Ë»ö,1
15. List(¸®½ºÆ®)(5) - ¸®½ºÆ® Á¤·Ä - ÆÄÀÌ½ã - ±âº»À» °¥°í ´ÛÀÚ!,1
±¸¸ÅÇÏ±â < ¿¬±İº¹±Ç720+ < º¹±ÇÁ¤º¸ | µ¿Çàº¹±Ç,0
¿¬±İº¹±Ç720,0
¿Â¶óÀÎº¹±Ç,0
[Errno 111] Connection refused - Google °Ë»ö,1
Oserror errno 113 No route to host,1
ÅØ½ºÆ® ¼ÒÄÏ Åå½Å - Google °Ë»ö,1
À¯Æ©ºê - Google °Ë»ö,0
https://www.youtube.com/premium,0
YouTube Premium - YouTube,0
Æ®À§Ä¡ - Google °Ë»ö,0
³×ÀÌ¹ö - Google °Ë»ö,0
³×ÀÌ¹ö ¸ŞÀÏ,0
¹ŞÀº¸ŞÀÏÇÔ(10697) : ³×ÀÌ¹ö ¸ŞÀÏ,0
¹ŞÀº¸ŞÀÏÇÔ(10698) : ³×ÀÌ¹ö ¸ŞÀÏ,0
Twitch ·Î±×ÀÎ ÀÎÁõ¹øÈ£(10697),0
(298) YouTube Premium - YouTube,0
(298) ±¸µ¶ - YouTube,0
(298) ½ºÅ³°¡¼Ó 500À» ¸ÂÃè½À´Ï´Ù¤»¤»¤»ÁøÈ¥°î 20ÃÊ ½ÇÈ­³Ä°í¤»¤»¤»¤»¡Ú±Í°» 10´Ü°è¡Ú ¿ì¸£ÇÁ Ä«¼­½º - YouTube,0
"(298) [·Ñ]ÇÑ ÃµÀç°¡ ¹ß°ßÇÑ ""30ÀÏ"" ¸¸¿¡ ±×¸¶Âï´Â ¹ı - YouTube",0
(298) Àå»ç°¡ ³Ê¹« ÀßµÅ¼­ ½½ÇÂ ÁÖÀ¯¼Ò ½Ã¹Ä·¹ÀÌÅÍ Á¤½ÄÆÇ - YouTube,0
(298) 3½Ã°£ µ¿¾È °°Àº¸»¸¸ ÇÏ´Â ±×³àÀÇ ÁÖ»ç - YouTube,0
(298) YouTube,0
(298) Âù¶õÇÑ ¾ÆÀÌÅÛ 2°³ ¼±ÅÃ °¡´É?! ¶óÀÌ¾ùÀÇ Á¤½Å³ª°£ ¼¼±â¸» ²ÜÀë ÆĞÄ¡ ¤»¤»¤»¤»¤»¤»¤» - YouTube,0
(298) ¾Æºê·¼½´µå ÇÏµå Æ®¶óÀÌ ÇÏ´Ù°¡ ¹ÌÄ£ »ç¶÷ | ·Î½ºÆ®¾ÆÅ© - YouTube,0
(298) Å½»ö - YouTube,0
(298) 1ÃÊ¿¡ 1°³¾¿ º´¶Ñ²± 1°³·Î ¹ã ²®ÁúÀ» ¹ş±æ¼ö ÀÖ¾ú³×¿ä! ¾à°£ÀÇ °úÀåÀÌÁö¸¸ Á¤¸» ¸¹ÀÌ ¹è¿ó´Ï´Ù - YouTube,0
(298) ¼î¹Ì10 - YouTube,0
(298) [ENG] [SMTM10] PRODUCER CYPHER I 10¿ù 1ÀÏ (±İ) ¹ã 11½Ã Ã¹.¹æ.¼Û - YouTube,0
(298) ÀåºñÅ¿ ¸øÇÏ´Â PC¹æ ´Ù³à¿Ô½À´Ï´Ù - YouTube,0
(298) ¿ÀÂ¡¾î°ÔÀÓ Ãâ¿¬Áøµé¿¡ ´ëÇØ ¸ô¶ú´ø Àç¹Õ´Â »ç½Çµé - YouTube,0
(298) ¹è±¸ ½Ã±¸ÇÏ°í ¾ÆÆÄÇÏ´Â ±è¿¬¾Æ - YouTube,0
(298) ½¬ÀÕ-¡Ú - YouTube,0
(298) ¿ÀÂ¡¾î °ÔÀÓ 3ºĞ ¿ä¾à [Squid Game 3 minutes summary] - YouTube,0
(298) ¸ÅÀÏÁ¦È÷ - YouTube,0
(298) ÇÖµµ±× ½ºÆ©µğ¿À [ HOTDOG STUDIO ] - YouTube,0
(298) ÇÖµµ±×TV - YouTube,0
(298) ´Ù½Ã ½ÃÀÛµÈ µ¿°Å - YouTube,0
(298) Å×¶ó½º È­´öÇÇÀÚ ÆÄÆ¼ - YouTube,0
Immunomedics stock - Google °Ë»ö,0
IMMU - Immunomedics Stock Price - Barchart.com,0
ÀÌ¹Â³ë¸Şµñ½º - Google °Ë»ö,0
"ImmunityBio, Inc. (IBRX) Stock Price, News, Quote & History - Yahoo Finance",0
[Playlist] ³» ÃëÇâ ¾Ö½¬ ¾ÆÀÏ·£µå ³ë·¡ ¸ğÀ½ - YouTube,0
¿À¹İ(OVAN) - ¾î¶»°Ô Áö³» / °¡»ç - YouTube,0
±æ¸®¾îµå - Google °Ë»ö,0
"Gilead Sciences, Inc. (GILD) Stock Price, News, Quote & History - Yahoo Finance",0
"GILD 69.85 -1.09 -1.54% : Gilead Sciences, Inc. - Yahoo Finance",0
tgÅ×¶óÇ»Æ½½º - Google °Ë»ö,0
"TG Therapeutics, Inc. (TGTX) Stock Price, News, Quote & History - Yahoo Finance",0
"¹ÙÀÌ¿À ¼º°ø ÅõÀÚ, 1%¸¦ À§ÇÑ ±æ¶óÀâÀÌ - ÆÊÀÌµ¥ÀÏ¸®",0
"Novavax, Inc. (NVAX) Stock Price, News, Quote & History - Yahoo Finance",0
"NVAX 207.31 3.78 1.86% : Novavax, Inc. - Yahoo Finance",0
¸á·Î¸Á½º - °í¹é (¼¼ ¹øÂ° '°í¹é') / °¡»ç - YouTube,0
³ë¹Ù¹é½º - Google °Ë»ö,0
"Ú¸ Á¤ºÎ, ÇÑ±¹µµ µµÀÔÇÏ´Â ¡®³ë¹Ù¹é½º¡¯ ¹é½Å ¹Ì±¹ ³» »ı»ê Áß´Ü ¿äÃ» : µ¿¾Æ»çÀÌ¾ğ½º",0
¿å½É ¸á·Î¸Á½º - YouTube,0
[MV] MeloMance(¸á·Î¸Á½º) _ Just Friends(¿å½É) - YouTube,0
"NVAX 192.02 -15.29 -7.38% : Novavax, Inc. - Yahoo Finance",0
"NVAX 191.59 -15.72 -7.58% : Novavax, Inc. - Yahoo Finance",0
"NVAX 192.20 -15.11 -7.29% : Novavax, Inc. - Yahoo Finance",0
"NVAX 191.27 -16.04 -7.74% : Novavax, Inc. - Yahoo Finance",0
"NVAX 191.09 -16.22 -7.82% : Novavax, Inc. - Yahoo Finance",0
"NVAX 190.61 -16.70 -8.06% : Novavax, Inc. - Yahoo Finance",0
"NVAX 190.87 -16.44 -7.93% : Novavax, Inc. - Yahoo Finance",0
"NVAX 190.73 -16.58 -8.00% : Novavax, Inc. - Yahoo Finance",0
"NVAX 189.75 -17.56 -8.47% : Novavax, Inc. - Yahoo Finance",0
"SKBS (302440.KS) Stock Price, News, Quote & History - Yahoo Finance",0
SKBS (302440.KS) Income Statement - Yahoo Finance,0
"302440.KS 273,500.00 3,000.00 1.11% : SK bioscience Co.,Ltd. - Yahoo Finance",0
¸á·Î¸Á½º(Melomance) - You - YouTube,0
À±°Ç YOON GUN - ¿ì¸® µÑ¸¸ ¾Æ´Â Only we know¡¦ Official M/V - YouTube,0
"Tesla, Inc. (TSLA) Stock Price, News, Quote & History - Yahoo Finance",0
"TSLA 777.83 2.35 0.30% : Tesla, Inc. - Yahoo Finance",0
"TSLA 777.99 2.51 0.32% : Tesla, Inc. - Yahoo Finance",0
"TSLA 778.00 2.52 0.32% : Tesla, Inc. - Yahoo Finance",0
"TSLA 778.26 2.78 0.36% : Tesla, Inc. - Yahoo Finance",0
"TSLA 777.81 2.33 0.30% : Tesla, Inc. - Yahoo Finance",0
"TSLA 777.79 2.31 0.30% : Tesla, Inc. - Yahoo Finance",0
"TSLA 778.28 2.80 0.36% : Tesla, Inc. - Yahoo Finance",0
"TSLA 777.40 1.92 0.25% : Tesla, Inc. - Yahoo Finance",0
"TSLA 777.29 1.82 0.23% : Tesla, Inc. - Yahoo Finance",0
"TSLA 777.26 1.78 0.23% : Tesla, Inc. - Yahoo Finance",0
"TSLA 777.52 2.04 0.26% : Tesla, Inc. - Yahoo Finance",0
"TSLA 777.16 1.68 0.22% : Tesla, Inc. - Yahoo Finance",0
"TSLA 777.22 1.74 0.22% : Tesla, Inc. - Yahoo Finance",0
"TSLA 777.04 1.56 0.20% : Tesla, Inc. - Yahoo Finance",0
"TSLA 776.87 1.39 0.18% : Tesla, Inc. - Yahoo Finance",0
"TSLA 777.34 1.86 0.24% : Tesla, Inc. - Yahoo Finance",0
"TSLA 777.97 2.49 0.32% : Tesla, Inc. - Yahoo Finance",0
"TSLA 778.03 2.55 0.33% : Tesla, Inc. - Yahoo Finance",0
"TSLA 777.82 2.34 0.30% : Tesla, Inc. - Yahoo Finance",0
"TSLA 777.50 2.02 0.26% : Tesla, Inc. - Yahoo Finance",0
"TSLA 777.24 1.77 0.23% : Tesla, Inc. - Yahoo Finance",0
"TSLA 777.44 1.96 0.25% : Tesla, Inc. - Yahoo Finance",0
"TSLA 776.84 1.36 0.18% : Tesla, Inc. - Yahoo Finance",0
"TSLA 776.80 1.33 0.17% : Tesla, Inc. - Yahoo Finance",0
"TSLA 776.11 0.63 0.08% : Tesla, Inc. - Yahoo Finance",0
"TSLA 776.26 0.78 0.10% : Tesla, Inc. - Yahoo Finance",0
"TSLA 775.78 0.30 0.04% : Tesla, Inc. - Yahoo Finance",0
"TSLA 776.07 0.59 0.08% : Tesla, Inc. - Yahoo Finance",0
"TSLA 776.51 1.03 0.13% : Tesla, Inc. - Yahoo Finance",0
"TSLA 776.55 1.08 0.14% : Tesla, Inc. - Yahoo Finance",0
"TSLA 776.50 1.02 0.13% : Tesla, Inc. - Yahoo Finance",0
"TSLA 776.57 1.09 0.14% : Tesla, Inc. - Yahoo Finance",0
"TSLA 776.32 0.84 0.11% : Tesla, Inc. - Yahoo Finance",0
"TSLA 776.69 1.21 0.16% : Tesla, Inc. - Yahoo Finance",0
"TSLA 776.72 1.24 0.16% : Tesla, Inc. - Yahoo Finance",0
"TSLA 776.90 1.42 0.18% : Tesla, Inc. - Yahoo Finance",0
"TSLA 776.75 1.27 0.16% : Tesla, Inc. - Yahoo Finance",0
°áÈ¥ Marriage - YouTube,0
"TSLA 775.00 -0.48 -0.06% : Tesla, Inc. - Yahoo Finance",0
"TSLA 774.96 -0.52 -0.07% : Tesla, Inc. - Yahoo Finance",0
"TSLA 774.70 -0.78 -0.10% : Tesla, Inc. - Yahoo Finance",0
"TSLA 774.51 -0.97 -0.13% : Tesla, Inc. - Yahoo Finance",0
"TSLA 774.72 -0.76 -0.10% : Tesla, Inc. - Yahoo Finance",0
"TSLA 774.43 -1.05 -0.14% : Tesla, Inc. - Yahoo Finance",0
"TSLA 774.28 -1.20 -0.15% : Tesla, Inc. - Yahoo Finance",0
"TSLA 773.76 -1.72 -0.22% : Tesla, Inc. - Yahoo Finance",0
"TSLA 773.63 -1.85 -0.24% : Tesla, Inc. - Yahoo Finance",0
"TSLA 773.80 -1.67 -0.22% : Tesla, Inc. - Yahoo Finance",0
"TSLA 774.00 -1.48 -0.19% : Tesla, Inc. - Yahoo Finance",0
"TSLA 774.12 -1.36 -0.18% : Tesla, Inc. - Yahoo Finance",0
"TSLA 774.13 -1.35 -0.17% : Tesla, Inc. - Yahoo Finance",0
"TSLA 774.17 -1.31 -0.17% : Tesla, Inc. - Yahoo Finance",0
"TSLA 774.39 -1.09 -0.14% : Tesla, Inc. - Yahoo Finance",0
"TSLA 774.14 -1.34 -0.17% : Tesla, Inc. - Yahoo Finance",0
"TSLA 774.23 -1.25 -0.16% : Tesla, Inc. - Yahoo Finance",0
"TSLA 774.36 -1.11 -0.14% : Tesla, Inc. - Yahoo Finance",0
"TSLA 774.19 -1.29 -0.17% : Tesla, Inc. - Yahoo Finance",0
"TSLA 773.81 -1.67 -0.22% : Tesla, Inc. - Yahoo Finance",0
"TSLA 774.54 -0.94 -0.12% : Tesla, Inc. - Yahoo Finance",0
"TSLA 774.75 -0.73 -0.09% : Tesla, Inc. - Yahoo Finance",0
"TSLA 774.66 -0.82 -0.11% : Tesla, Inc. - Yahoo Finance",0
³Ê¹« º¸°í½Í¾î - YouTube,0
"¹¦ÇØ, ³Ê¿Í - YouTube",0
tesla - Google °Ë»ö,0
lucid motors - Google °Ë»ö,0
´Ï¿À - Google °Ë»ö,0
"TSLA 773.01 -2.47 -0.32% : Tesla, Inc. - Yahoo Finance",0
"TSLA 773.34 -2.14 -0.28% : Tesla, Inc. - Yahoo Finance",0
"TSLA 773.17 -2.31 -0.30% : Tesla, Inc. - Yahoo Finance",0
"TSLA 773.50 -1.98 -0.26% : Tesla, Inc. - Yahoo Finance",0
"TSLA 773.92 -1.56 -0.20% : Tesla, Inc. - Yahoo Finance",0
"NIO Inc. (NIO) Stock Price, News, Quote & History - Yahoo Finance",0
NIO Inc. (NIO) Stock Historical Prices & Data - Yahoo Finance,0
NIO 36.28 0.65 1.83% : NIO Inc. - Yahoo Finance,0
NIO 36.28 0.65 1.81% : NIO Inc. - Yahoo Finance,0
NIO 36.31 0.68 1.91% : NIO Inc. - Yahoo Finance,0
´Ï¿À ÁÖ½Ä - Google °Ë»ö,0
NIO 36.29 0.66 1.85% : NIO Inc. - Yahoo Finance,0
NIO 36.33 0.70 1.96% : NIO Inc. - Yahoo Finance,0
NIO 36.35 0.72 2.02% : NIO Inc. - Yahoo Finance,0
NIO 36.36 0.73 2.05% : NIO Inc. - Yahoo Finance,0
NIO 36.34 0.71 1.99% : NIO Inc. - Yahoo Finance,0
NIO 36.32 0.69 1.94% : NIO Inc. - Yahoo Finance,0
NIO 36.33 0.70 1.98% : NIO Inc. - Yahoo Finance,0
NIO 36.35 0.72 2.01% : NIO Inc. - Yahoo Finance,0
NIO 36.36 0.73 2.04% : NIO Inc. - Yahoo Finance,0
NIO 36.35 0.72 2.03% : NIO Inc. - Yahoo Finance,0
NIO 36.37 0.74 2.08% : NIO Inc. - Yahoo Finance,0
NIO 36.37 0.74 2.06% : NIO Inc. - Yahoo Finance,0
NIO 36.37 0.74 2.07% : NIO Inc. - Yahoo Finance,0
NIO 36.38 0.74 2.09% : NIO Inc. - Yahoo Finance,0
NIO 36.38 0.75 2.10% : NIO Inc. - Yahoo Finance,0
NIO 36.39 0.76 2.13% : NIO Inc. - Yahoo Finance,0
NIO 36.38 0.75 2.12% : NIO Inc. - Yahoo Finance,0
NIO 36.38 0.75 2.11% : NIO Inc. - Yahoo Finance,0
NIO 36.39 0.76 2.14% : NIO Inc. - Yahoo Finance,0
NIO 36.41 0.78 2.19% : NIO Inc. - Yahoo Finance,0
"½ºÆ®·¹ÀÌ (The Stray) - ³Ê, ³Ê / °¡»ç - YouTube",0
"Àü±âÀÚ ¾÷Ã¼ ´Ï¿À ÁÖ°¡, ¿À¸£´Ù Æø¶ô µ¹º¯ ÀÌÀ¯´Â",0
[Mint] Å«¼ÕµéÀº Å×½½¶ó ´ë½Å Áß±¹ Àü±âÂ÷ ¡®´Ï¿À¡¯¿¡ ÁÖ¸ñÇß´Ù - Á¶¼±ÀÏº¸,0
ñé Àü±âÂ÷ ´Ï¿À ÁÖ°¡ ºüÁ³´Âµ¥ ±×·¡µµ ¸Å·ÂÀûÀÎ°¡?,0
´Ï¿À Àç¹«Á¦Ç¥ - Google °Ë»ö,0
´Ï¿À NIO(NIO Inc) | Àç¹«Á¦Ç¥ - ÃÊÀÌ½º½ºÅ¹US,0
´« ¶°º¸´Ï ÀÌº°ÀÌ´õ¶ó - YouTube,0
NIO 36.10 0.47 1.31% : NIO Inc. - Yahoo Finance,0
"TAIWANSMFAC DRN (TSMC34.SA) Stock Price, News, Quote & History - Yahoo Finance",0
TSMC34.SA 75.00 0.00 0.00% : TAIWANSMFAC DRN - Yahoo Finance,0
TSMC34.SA 74.95 -0.05 -0.07% : TAIWANSMFAC DRN - Yahoo Finance,0
"TAIWANSMFAC DRN (TSMC34.SA) Analyst Ratings, Estimates & Forecasts - Yahoo Finance",0
TSMC34.SA 74.75 -0.25 -0.33% : TAIWANSMFAC DRN - Yahoo Finance,0
TSMC34.SA 74.73 -0.27 -0.36% : TAIWANSMFAC DRN - Yahoo Finance,0
"SM Energy Company (SM) Stock Price, News, Quote & History - Yahoo Finance",0
SM 27.40 1.02 3.88% : SM Energy Company - Yahoo Finance,0
"SamsungElec (005930.KS) Stock Price, News, Quote & History - Yahoo Finance",0
Samsung Electronics close to finalising $17 billion Texas chip plant -sources,0
Sense of Betrayal (°í¹«½Å °Å²Ù·Î ½ÅÁö¸¶) - YouTube,0
È¨ ÆäÀÌÁö,0
"MSN - ´º½º, ÇÖ¸ŞÀÏ, Hotmail, Skype, ¾Æ¿ô·è ¸ŞÀÏ, ¿øµå¶óÀÌºê",0
Å©·Ò - Bing,0
https://www.google.co.kr/chrome/,0
Chrome À¥ºê¶ó¿ìÀú,0
Chrome¿¡ ¿À½Å °ÍÀ» È¯¿µÇÕ´Ï´Ù,0
³İÇÃ¸¯½º - Google °Ë»ö,0
³İÇÃ¸¯½º´ëÇÑ¹Î±¹ - ÀÎÅÍ³İÀ¸·Î TV ÇÁ·Î±×·¥°ú ¿µÈ­¸¦ ½ÃÃ»ÇÏ¼¼¿ä,0
Netflix,0
ÄÄÇ»ÅÍÈ°¿ë´É·Â 1±Ş ÇÊ±â - YouTube,0
2½Ã°£¸¸¿¡ ¿Ï¼ºÇÏ´Â ÄÄÇ»ÅÍÈ°¿ë´É·Â 1±Ş ÇÊ±â ÇÙ½É¿ä¾à 1°ú¸ñ ÄÄÇ»ÅÍÀÏ¹İ/ÄÄÇ»ÅÍ(EDPS)/¿î¿µÃ¼Á¦/Windows10/³×Æ®¿öÅ©/ÀÎÅÍ³İ/¸ÖÆ¼¹Ìµğ¾î/Á¤º¸Åë½Å/º¸¾È/µ¶ÇĞ/¹«·áÀÎ°­/ÄÄÈ°²ÜÆÁ - YouTube,0
®‘ - Google °Ë»ö,0
ÃÖ°­ ÀÚ°İÁõ ±âÃâ¹®Á¦ ÀüÀÚ¹®Á¦Áı CBT,0
È¨ - ³İÇÃ¸¯½º,0
³İÇÃ¸¯½º,0
½ÃÃ» Á¦ÇÑ - °èÁ¤ - ³İÇÃ¸¯½º,0
³İÇÃ¸¯½º ÇÁ·ÎÇÊ Àá±İ - Google °Ë»ö,0
ÇÁ·ÎÇÊ Àá±İ ¶Ç´Â Àá±İ ÇØÁ¦ ¹æ¹ı,0
°èÁ¤ ¼³Á¤ - ³İÇÃ¸¯½º,0
ÇÁ·ÎÇÊ Àá±İ - °èÁ¤ - ³İÇÃ¸¯½º,0
´ëÅ»Ãâ ½ÃÁğ4 ´Ù½Ãº¸±â - Google °Ë»ö,0
´ëÅ»Ãâ ½ÃÁğ4 11È­ ´Ù½Ãº¸±â,0
´ëÅ»Ãâ ½ÃÁğ4 12È­ ´Ù½Ãº¸±â,0
´ëÇÑÇ×°ø - Google °Ë»ö,0
´ëÅ»Ãâ4 ´Ù½Ãº¸±â - Google °Ë»ö,0
´ëÅ»Ãâ ½ÃÁğ4 10È­ ´Ù½Ãº¸±â,0
¼ºÀÎ¿µÈ­ 1 ÆäÀÌÁö,0
[±ØÀåÆÇ] ¾Ö´Ï¸ŞÀÌ¼Ç 1 ÆäÀÌÁö,0
¹Ì±¹µå¶ó¸¶ 1 ÆäÀÌÁö,0
¹Ì±¹µå¶ó¸¶ 2 ÆäÀÌÁö,0
¿şÀÌºê - Google °Ë»ö,0
¿şÀÌºê (wavve),0
±èÈñÁø ±ä¸Ó¸® - Google °Ë»ö,0
https://www.google.com/search?q=±èÈñÁø+±ä¸Ó¸®&source=lnms&tbm=isch&sa=X&ved=2ahUKEwiEzoHzqKnzAhVOx2EKHeKjCuoQ_AUoAXoECAEQAw&biw=1680&bih=939&dpr=1,0
¹è±¸¼±¼ö ±èÈñÁø ³²ÀÚÄ£±¸ - Google °Ë»ö,0
¿ÀÁö¿µ - Google °Ë»ö,0
https://www.google.com/search?q=¿ÀÁö¿µ&source=lnms&tbm=isch&sa=X&ved=2ahUKEwj_seSZrKnzAhUGBt4KHZ9GDfgQ_AUoAXoECAEQAw&biw=1680&bih=939&dpr=1,0
Coldplay X BTS - My Universe (Official Video) - YouTube,0
Æ®¿ÍÀÌ½º - YouTube,0
"TWICE ""The Feels"" M/V - YouTube",0
±³µµ¼Ò¿¡ ÆÛÁø Á»ºñ ¹ÙÀÌ·¯½º - YouTube,0
¹Ì±¹µå¶ó¸¶ 3 ÆäÀÌÁö,0
¹Ì±¹µå¶ó¸¶ 4 ÆäÀÌÁö,0
¹Ì±¹µå¶ó¸¶ 5 ÆäÀÌÁö,0
¹Ì±¹µå¶ó¸¶ 6 ÆäÀÌÁö,0
youtube - Bing,0
https://www.youtube.com/,0
https://www.youtube.com/supported_browsers?next_url=https%3A%2F%2Fwww.youtube.com%2F,0
³Ê¹« Àß ¸¸µé¾î¼­ ºñÆÇÇÑ Æò·Ğ°¡µéÀÌ ¿ÀÈ÷·Á °ü°´µé¿¡°Ô ¿åÀ» ¹Ù°¡Áö·Î ¸ÔÀº ·¹Àüµå ¿µÈ­ - YouTube,0
"Àª ½º¹Ì½º ""°áÈ¥Àº °¨¿Á ¾Æ³Ä""..¾Æ³» ºÒ·ûµµ OK!",0
±Í¿©¿ò ÇÑµµÃÊ°ú ¡®¼¼Æ÷µé¡¯ ´ö¿¡ ±è°íÀº¡¤¾Èº¸ÇöÀÌ ´õ »ç¶û½º·´´Ù,0
"""22»ì È¸Ãá±Ş"" È«»ó¼ö, ¢¾±è¹ÎÈñ ¸¸³ª±â 'Before&After' ¾ó¸¶³ª ´Ù¸£±æ·¡? (Oh!½ë ÀÌ½´) [Á¾ÇÕ]",0
±è¹ÎÈñ È«»ó¼ö - Google °Ë»ö,0
±è¹ÎÈñ È«»ó¼ö ³ªÀÌÂ÷ - Google °Ë»ö,0
¹è±¸ ½Ã±¸ÇÏ°í ¾ÆÆÄÇÏ´Â ±è¿¬¾Æ - YouTube,0
´Ş´ŞÇÑ³ë·¡ - YouTube,0
" ³Ê¶û °°ÀÌ µéÀ¸·Á°í, ¸ù±Û¸ù±Û ¼³·½ °¡µæ ´Ş´ŞÇÑ »ç¶û ³ë·¡ ¸ğÀ½¤ÓPLAYLIST - YouTube",0
³×ÀÌ¹öÀ¥Å÷ - Google °Ë»ö,0
¿¬¾ÖÇõ¸í :: ³×ÀÌ¹ö ¸¸È­,0
¿¡µàÀª - Bing,0
¿¡µàÀª - ²ŞÀ» Çö½Ç·Î ¸¸µå´Â ±³À°±â¾÷,0
https://comic.naver.com/webtoon/detail?titleId=570503&no=151&weekday=thu,0
[Playlist] ÀÜÀÜÇÏÁö¸¸ Àû´çÈ÷ Èï¾ó°Å¸®±â ÁÁÀº ³ë·¡ ¸ğÀ½ | ¹àÁö¸¸ ½Ã²ô·´Áö ¾ÊÀº ¹Ìµğ¾ö ÅÛÆ÷ ³ë·¡ ¸ğÀ½ - YouTube,0
https://search.naver.com/search.naver?where=nexearch&sm=top_hty&fbm=1&ie=utf8&query=Àü¹®ÇÏ»ç,0
Àü¹®ÇÏ»ç : ³×ÀÌ¹ö ÅëÇÕ°Ë»ö,0
https://search.naver.com/search.naver?sm=tab_hty.top&where=nexearch&query=Àü¹®ÇÏ»ç+¿ù±Ş&oquery=Àü¹®ÇÏ»ç&tqi=hSNk1sprvTVss4XxNDossssss%2Fd-269272,0
Àü¹®ÇÏ»ç ¿ù±Ş : ³×ÀÌ¹ö ÅëÇÕ°Ë»ö,0
987868 : ³×ÀÌ¹ö ºí·Î±×,0
2021 Àü¹®ÇÏ»ç ¿ù±Ş ¶±°ª ¸éÁ¢ ÅğÁ÷±İ ¿¹ºñ.. : ³×ÀÌ¹öºí·Î±×,0
³×ÀÌ¹ö ³¯Â¥ : ³×ÀÌ¹ö ÅëÇÕ°Ë»ö,0
https://search.naver.com/search.naver?sm=tab_sug.top&where=nexearch&query=20°³¿ù+¼ºÆøÇà&oquery=³×ÀÌ¹ö+³¯Â¥&tqi=hSNN7wprvh8ss45Uhg0ssssstUG-067471&acq=20&acr=1&qdt=0,0
20°³¿ù ¼ºÆøÇà : ³×ÀÌ¹ö ÅëÇÕ°Ë»ö,0
Å©¸®µåÆ÷½ºÆ® : ³×ÀÌ¹ö ºí·Î±×,0
[Ãæ°İ] ´ëÀü Ä£ºÎ 20°³¿ù¾Æ±â ¼ºÆøÇà »ìÇØ... : ³×ÀÌ¹öºí·Î±×,0
2022 ´Ş·Â : ³×ÀÌ¹ö ÅëÇÕ°Ë»ö,0
Àü¹®ÇÏ»ç ÅğÁ÷±İ : ³×ÀÌ¹ö ÅëÇÕ°Ë»ö,0
ÀÓ±âÁ¦ºÎ»ç°ü Àü¹®ÇÏ»ç 6°³¿ù º´º¹¹«±â°£ »êÀÔ ÅğÁ÷±İ : Áö½ÄiN,0
±×Àú ³ë¸»ÇÑ »î : ³×ÀÌ¹ö ºí·Î±×,0
º´»ç¿¡¼­ °£ºÎ·Î! 'À°±º' ÀÓ±âÁ¦ ºÎ»ç°ü (±¸.. : ³×ÀÌ¹öºí·Î±×,0
¿¹ºñ±º ±â°£ - Google °Ë»ö,0
¿¹ºñ±º ³ªÀÌ - Google °Ë»ö,0
¿¹ºñ±º/´ëÇÑ¹Î±¹ - ³ª¹«À§Å°,0
https://jtse.tistory.com/entry/¿¹ºñ±º-³¡³ª´Â-³ªÀÌ,0
¿¹ºñ±º ³¡³ª´Â ³ªÀÌ,0
Àâ¼³ÀÌ~ : ³×ÀÌ¹ö ºí·Î±×,0
Àü¹®ÇÏ»ç ÃÑ ¿ù±Ş ³»¿ª : ³×ÀÌ¹ö ºí·Î±×,0
Àü¹®ÇÏ»ç ¿¡ ´ëÇÑ ÈÄ±â : ³×ÀÌ¹ö ºí·Î±×,0
Àü¹®ÇÏ»ç ¿ù±Ş : Áö½ÄiN,0
Àü¹®ÇÏ»ç ¿ù±Ş Áú¹® : Áö½ÄiN,0
¿À´ÃÀÇÀ¯¸Ó - Àü¹®ÇÏ»ç vs ¾Ë¹Ù,0
Àü¹®ÇÏ»ç ½Ç¼ö·É¾× : ³×ÀÌ¹ö ÅëÇÕ°Ë»ö,0
Àü¹®ÇÏ»ç ½Ç¼ö·É¾×¿¡´ëÇØ¼­ ±Ã±İÇÕ´Ï´Ù : Áö½ÄiN,0
ÀçÀßÀçÀß ÀÌ¾ß±â ÆÑÅä¸® : ³×ÀÌ¹ö ºí·Î±×,0
2020 Àü¹®ÇÏ»ç ¿ù±Ş ½Ç¼ö·É¾×Àº ¾ó¸¶³ª µÉ±î.. : ³×ÀÌ¹öºí·Î±×,0
¡Ü¿¡ÆèÆ÷¡Ü FPS °ÔÀÓ Àü¹® Ä¿¹Â´ÏÆ¼ [FMF] : ³×ÀÌ¹ö Ä«Æä,0
Àü¹®ÇÏ»ç °ü·Ã Áú¹® : ³×ÀÌ¹ö Ä«Æä,0
https://search.naver.com/search.naver?sm=tab_hty.top&where=nexearch&query=Àü¹®ÇÏ»ç+¼¼ÈÄ&oquery=Àü¹®ÇÏ»ç+½Ç¼ö·É¾×&tqi=hSNQidp0J1Zssv7ekmsssssstsC-165992,0
Àü¹®ÇÏ»ç ¼¼ÈÄ : ³×ÀÌ¹ö ÅëÇÕ°Ë»ö,0
±º¹Ù¸® : ³×ÀÌ¹ö ºí·Î±×,0
Àü¹®ÇÏ»ç 2020³â ºÀ±Ş : ³×ÀÌ¹ö ºí·Î±×,0
https://search.naver.com/search.naver?sm=tab_hty.top&where=nexearch&query=Àü¹®ÇÏ»ç+25ÀÏ&oquery=Àü¹®ÇÏ»ç+¼¼ÈÄ&tqi=hSNQrwp0YiRsshi6Utwssssss8C-082371,0
Àü¹®ÇÏ»ç 25ÀÏ : ³×ÀÌ¹ö ÅëÇÕ°Ë»ö,0
Àü¹®ÇÏ»ç µÇ´Â ¹æ¹ı : Áö½ÄiN,0
https://search.naver.com/search.naver?sm=tab_hty.top&where=nexearch&query=Àü¹®ÇÏ»ç+½Ä»çÁ¦°ø&oquery=Àü¹®ÇÏ»ç+25ÀÏ&tqi=hSNQ3wp0Yihss4tq7mdssssssLK-156894,0
Àü¹®ÇÏ»ç ½Ä»çÁ¦°ø : ³×ÀÌ¹ö ÅëÇÕ°Ë»ö,0
Àü¹®ÇÏ»ç ¹ä : ³×ÀÌ¹ö ÅëÇÕ°Ë»ö,0
https://search.naver.com/search.naver?sm=tab_hty.top&where=nexearch&query=Àü¹®ÇÏ»ç+½Ä»ç&oquery=Àü¹®ÇÏ»ç+¹ä&tqi=hSNltlp0J14ssigKuCosssssss4-484003,0
Àü¹®ÇÏ»ç ½Ä»ç : ³×ÀÌ¹ö ÅëÇÕ°Ë»ö,0
https://search.naver.com/search.naver?sm=tab_hty.top&where=nexearch&query=Àü¹®ÇÏ»ç+Ãß°¡Áö±Ş&oquery=Àü¹®ÇÏ»ç+½Ä»ç&tqi=hSNl5dp0JywssmnRa2Cssssssgl-318243,0
Àü¹®ÇÏ»ç Ãß°¡Áö±Ş : ³×ÀÌ¹ö ÅëÇÕ°Ë»ö,0
Âù¶õÇÑ 20´ë¸¦ À§ÇØ : ³×ÀÌ¹ö ºí·Î±×,0
Àü¹®ÇÏ»ç ¿ù±ŞÀ» ³¹³¹ÀÌ ÆÄÇìÄ¡´Ù! : ³×ÀÌ¹ö ºí·Î±×,0
